-- MySQL dump 10.13  Distrib 8.0.41, for macos15.2 (arm64)
--
-- Host: localhost    Database: conceptreview
-- ------------------------------------------------------
-- Server version	8.0.41

/*!40101 SET @OLD_CHARACTER_SET_CLIENT=@@CHARACTER_SET_CLIENT */;
/*!40101 SET @OLD_CHARACTER_SET_RESULTS=@@CHARACTER_SET_RESULTS */;
/*!40101 SET @OLD_COLLATION_CONNECTION=@@COLLATION_CONNECTION */;
/*!50503 SET NAMES utf8mb4 */;
/*!40103 SET @OLD_TIME_ZONE=@@TIME_ZONE */;
/*!40103 SET TIME_ZONE='+00:00' */;
/*!40014 SET @OLD_UNIQUE_CHECKS=@@UNIQUE_CHECKS, UNIQUE_CHECKS=0 */;
/*!40014 SET @OLD_FOREIGN_KEY_CHECKS=@@FOREIGN_KEY_CHECKS, FOREIGN_KEY_CHECKS=0 */;
/*!40101 SET @OLD_SQL_MODE=@@SQL_MODE, SQL_MODE='NO_AUTO_VALUE_ON_ZERO' */;
/*!40111 SET @OLD_SQL_NOTES=@@SQL_NOTES, SQL_NOTES=0 */;

--
-- Table structure for table `role`
--

DROP TABLE IF EXISTS `role`;
/*!40101 SET @saved_cs_client     = @@character_set_client */;
/*!50503 SET character_set_client = utf8mb4 */;
CREATE TABLE `role` (
  `role` varchar(50) NOT NULL DEFAULT '',
  `description` varchar(255) DEFAULT NULL,
  `uuid` char(38) NOT NULL,
  PRIMARY KEY (`role`),
  UNIQUE KEY `uuid_role` (`uuid`)
) ENGINE=InnoDB DEFAULT CHARSET=utf8mb3;
/*!40101 SET character_set_client = @saved_cs_client */;

--
-- Dumping data for table `role`
--

LOCK TABLES `role` WRITE;
/*!40000 ALTER TABLE `role` DISABLE KEYS */;
INSERT INTO `role` VALUES ('Anonymous','Privileges for non-authenticated users.','774b2af3-6437-4e5a-a310-547554c7c65c'),('Application: Administers System','Administers system','80fa629b-8e60-41da-a19e-3d0afb81ba09'),('Application: Configures Appointment Scheduling','Gives user the ability to add and edit appointment types','0e160b1a-c380-47ec-925a-9a914ca6d287'),('Application: Configures Forms','Manages forms and attaches them to the UI','b863ce59-dcae-4a47-85a2-9e3ed5ddef75'),('Application: Configures Metadata','Access to Configure Metadata app','a12a3b0c-f46c-4eff-99b2-51e87a560e37'),('Application: Edits Existing Encounters','Gives user the ability to edit patient encounter','4ccc2f20-8312-4ae3-b128-b324cb719efb'),('Application: Enters ADT Events','Enters ADT events','0accdd84-1e3c-4cf3-8401-1db1019f754a'),('Application: Enters Vitals','Enters vitals','31144349-36f1-4226-8886-af88a2ef7740'),('Application: Has Super User Privileges','Extends the underlying System Developer API role','4d271ff3-b75f-478e-b472-4813377ddff2'),('Application: Manages Atlas','Can configure whether/how this implementation is displayed on the OpenMRS Atlas','6fa745a2-3644-49e8-a060-b60864701782'),('Application: Manages Provider Schedules','Gives user ability to add and edit provider schedules','071a1fc3-9361-416c-b9c4-a2e23c0e4ff0'),('Application: Records Allergies','Records and edits allergies','76013511-23ba-4a6d-927d-a72f888df4c8'),('Application: Registers Patients','Registers patients','07373cd6-5856-4a95-b73b-5a506d49879f'),('Application: Requests Appointments','Gives user the ability to request appointments)','4552f1a1-e352-4dcc-9d53-bf501aec650d'),('Application: Schedules And Overbooks Appointments','Gives user the ability to overbook appointments(In addition to being able to view appointment requests, view and schedule appointments)','3ad83e46-6ce8-41c6-ba47-f72433776473'),('Application: Schedules Appointments','Gives user the ability to view appointment requests, view and schedule appointments','0e76a33a-4bd1-4b19-8206-ce229bd1b323'),('Application: Sees Appointment Schedule','Gives user the ability to view appointment schedules (but not to modify them)','e095213e-556b-40c0-9665-f2143d24334f'),('Application: Uses Capture Vitals App','Uses capture vitals app','fb39c74e-3a34-49c2-b935-58f47c09dfdd'),('Application: Uses Patient Summary','Uses patient summary','fef6a25f-3434-42bc-979f-90d404a8f047'),('Application: Writes Clinical Notes','Writes clinical notes','63e498db-d274-4e1d-85c7-70bf0a71a28b'),('Authenticated','Privileges gained once authentication has been established.','f7fd42ef-880e-40c5-972d-e4ae7c990de2'),('Base Clinical Role','The underlying role for all clinical providers','068fb76b-bd5b-4a2a-bb3c-753fffcb542c'),('Base Reporting Data Manager','This is the Base reporting role. It offers only aggregate reports to a user with this role','cd8e60da-8f74-4791-8411-b1a41237171a'),('Base Role','This Role is the default Role for basic functionality with less privileges','6ec3134b-3e0d-430b-890b-3a7ac8f31e86'),('Cashier','Cashier Role','e9b927a9-c0df-49ae-90b1-b15bcb27c7f7'),('Counselor','This role allows access to the counseling center','cab08bba-e2d9-4b32-83ec-ced29d69e283'),('Data Clerk','This role allows access to the counseling center','cda707f2-3c09-11ea-b77f-2e728ce88125'),('EID Data Manager','This role enables a user access general reporting and EID Specific reports','8efe26a0-89fb-4890-a589-70853014e322'),('General Data Manager','This is the over all data manager role. It enables one to access all reports in the system','c951823d-4798-4fc2-bf9d-91c311c50631'),('HIV Clinic','This Role enables access to HIV clinic data for patient','24d86b99-204e-44a7-a3a2-169f2c83319f'),('HIV Data Management','This role enables a user to access general reports and HIV specific reports.','16886017-0630-49e5-b928-50251b584ad0'),('HTS Data Manager','This role enables a user access general reports and HTS Specific reports','1255d77e-6037-4774-a3df-6998b4fd9d11'),('Inventory Administrator','This Role enables full access to stock management application','2083fd40-3391-11ed-a667-507b9dea1806'),('Inventory Clerk','This Role enables access to daily stock operations','d210eb66-2188-11ed-9dff-507b9dea1806'),('Inventory Dispensing','This Role enables a provider to dispence inventory items','84bdd876-4694-11ed-8109-00155dcc3fc0'),('Inventory Manager','This enables managing stock management operations accross the stock management application','cca4be4b-2188-11ed-9dff-507b9dea1806'),('Inventory Provider Access','This Role enables a provider to view inventory items and access quantities available','8ee2f2ac-467f-11ed-8109-00155dcc3fc0'),('Inventory Reporting','This Role enables a provider to access reports','a49be648-6b0a-11ed-93a2-806d973f13a9'),('Lab Management Base Role','This Role is the default Role for lab management with basic functionality with less privileges','dc37b5f4-35c3-11ef-9df0-00155d919f83'),('Laboratory Administrator','This Role enables full access to lab management application','ef07dd2d-35c3-11ef-9df0-00155d919f83'),('Laboratory Clinician','This Role enables access to clinicians to make lab requests','ff495a1a-35c3-11ef-9df0-00155d919f83'),('Laboratory Phlebotomist','This Role enables access for sample collection','9c04f977-35ca-11ef-9df0-00155d919f83'),('Laboratory Receptionist','This Role enables access for receptionists to directly make lab requests for walk-ins','fa391316-35c3-11ef-9df0-00155d919f83'),('Laboratory Reporting','This Role enables a provider to access reports','04366bfd-35c4-11ef-9df0-00155d919f83'),('Laboratory Repository Manager','This Role enables a provider to manage sample repository','edb1b3d5-707a-11ef-a8bb-00155d79962d'),('Laboratory Request Approver','This enables approving lab test requests in the lab management application','ea1ea036-35c3-11ef-9df0-00155d919f83'),('Laboratory Results Approver','This enables approving lab test results in the lab management application','e47f4f3f-35c3-11ef-9df0-00155d919f83'),('Laboratory Technician','This Role enables access to daily lab operations','f49af8e2-35c3-11ef-9df0-00155d919f83'),('MCH Clinic','This Role enables access to MCH clinic data for patient','13010236-04b4-11ea-8d71-362b9e155667'),('MCH Data Manager','This role enables a user access general reports and MCH Specific reports','df90653d-871a-449b-a2f1-84d322c717b3'),('Midwife','Midwife role for Maternity','28de5e93-5462-4e25-8a6a-a980b637dc61'),('OPD Clinic','This Role enables access to OPD clinic data for patient','1300fe76-04b4-11ea-8d71-362b9e155667'),('OPD Data Manager','This role enables a user to access general reporting and OPD specific reports','725af8e9-35c8-47ff-8d93-86e63899e1f5'),('Organizational: Clinician','This is a person role which allows access to clinical function','b136af7b-e96d-47c3-aa6c-d8687f940a39'),('Organizational: Doctor','Doctor','7f187f95-3084-4f21-8c57-bf815a319e97'),('Organizational: Hospital Administrator','Hospital Administrator','0393c04e-ada0-42a2-8817-db47188907f0'),('Organizational: Laboratory','This role allows access to Laboratory function','d08358e9-b292-4f51-8c6b-843fa3660fe0'),('Organizational: Nurse','Nurse','f39c428e-76ab-4361-b275-e74301a09407'),('Organizational: Registration Clerk','Registration Clerk','510e0f88-e084-4812-ac8d-f93d08c460b0'),('Organizational: System Administrator','System Administrator','8534b39a-bbc8-4739-81b3-9602a382b603'),('Organizational:Pharmacy','This is the over all data manager role. It enables one to access all reports in the system','cf349e5e-e59a-4019-a218-dd57935488da'),('Privilege Level: Full','A role that has all API privileges','ab2160f6-0941-430c-9752-6714353fbd3c'),('Privilege Level: High','A role that has all API privileges except administrative privileges with security implications','f089471c-e00b-468e-96e8-46aea1b339af'),('Provider','All users with the \'Provider\' role will appear as options in the default Infopath','8d94f280-c2cc-11de-8d13-0010c6dffd0f'),('Reception','This Role is for reception. Registration of patient and checking of patient is assigned to this role','3f3c477f-e37d-43a4-b8f4-5b725f6340f5'),('SMC Data Manager','This role enables a user access general reports and SMC Specific reports','83fab0c7-2cc1-4ef4-874c-68e3aa4a7d28'),('Stock Management Base Role','This Role is the default Role for stock management with basic functionality with less privileges','7d8d214d-2188-11ed-9dff-507b9dea1806'),('System Developer','Developers of the OpenMRS .. have additional access to change fundamental structure of the database model.','8d94f852-c2cc-11de-8d13-0010c6dffd0f'),('TB Clinic','This Role enables access to TB clinic data for patient','13010588-04b4-11ea-8d71-362b9e155667'),('TB Data Manager','This role enables a user access general reports and TB Specific reports','52f3a775-07a4-4ef8-af40-620838181dc3'),('Triage','This Role is for reception. Registration of patient and checking of patient is assigned to this role','13010876-04b4-11ea-8d71-362b9e155667');
/*!40000 ALTER TABLE `role` ENABLE KEYS */;
UNLOCK TABLES;

--
-- Table structure for table `role_privilege`
--

DROP TABLE IF EXISTS `role_privilege`;
/*!40101 SET @saved_cs_client     = @@character_set_client */;
/*!50503 SET character_set_client = utf8mb4 */;
CREATE TABLE `role_privilege` (
  `role` varchar(50) NOT NULL DEFAULT '',
  `privilege` varchar(255) NOT NULL,
  PRIMARY KEY (`role`,`privilege`),
  KEY `privilege_definitions` (`privilege`),
  KEY `role_privilege_to_role` (`role`),
  CONSTRAINT `privilege_definitions` FOREIGN KEY (`privilege`) REFERENCES `privilege` (`privilege`),
  CONSTRAINT `role_privilege_to_role` FOREIGN KEY (`role`) REFERENCES `role` (`role`)
) ENGINE=InnoDB DEFAULT CHARSET=utf8mb3;
/*!40101 SET character_set_client = @saved_cs_client */;

--
-- Dumping data for table `role_privilege`
--

LOCK TABLES `role_privilege` WRITE;
/*!40000 ALTER TABLE `role_privilege` DISABLE KEYS */;
INSERT INTO `role_privilege` VALUES ('Application: Administers System','App: coreapps.systemAdministration'),('Application: Administers System','App: referenceapplication.legacyAdmin'),('Application: Configures Forms','App: coreapps.configuremetadata'),('Application: Configures Forms','App: formentryapp.forms'),('Application: Configures Metadata','App: coreapps.configuremetadata'),('Application: Edits Existing Encounters','Task: emr.patient.encounter.delete'),('Application: Edits Existing Encounters','Task: emr.patient.encounter.edit'),('Application: Enters ADT Events','App: coreapps.activeVisits'),('Application: Enters ADT Events','App: coreapps.findPatient'),('Application: Enters ADT Events','Task: coreapps.createRetrospectiveVisit'),('Application: Enters ADT Events','Task: coreapps.createVisit'),('Application: Enters ADT Events','Task: coreapps.endVisit'),('Application: Enters ADT Events','Task: coreapps.mergeVisits'),('Application: Enters ADT Events','Task: referenceapplication.simpleAdmission'),('Application: Enters ADT Events','Task: referenceapplication.simpleDischarge'),('Application: Enters ADT Events','Task: referenceapplication.simpleTransfer'),('Application: Enters Vitals','App: coreapps.activeVisits'),('Application: Enters Vitals','App: coreapps.findPatient'),('Application: Enters Vitals','Task: referenceapplication.vitals'),('Application: Manages Atlas','App: atlas.manage'),('Application: Manages Atlas','App: coreapps.systemAdministration'),('Application: Records Allergies','Task: Modify Allergies'),('Application: Registers Patients','App: coreapps.activeVisits'),('Application: Registers Patients','App: coreapps.patientDashboard'),('Application: Registers Patients','App: registrationapp.registerPatient'),('Application: Uses Capture Vitals App','App: referenceapplication.vitals'),('Application: Uses Patient Summary','App: coreapps.findPatient'),('Application: Uses Patient Summary','App: coreapps.patientDashboard'),('Application: Uses Patient Summary','App: coreapps.patientVisits'),('Application: Writes Clinical Notes','App: coreapps.activeVisits'),('Application: Writes Clinical Notes','App: coreapps.findPatient'),('Application: Writes Clinical Notes','Task: referenceapplication.simpleVisitNote'),('Authenticated','Get Concept Classes'),('Authenticated','Get Concept Datatypes'),('Authenticated','Get Encounter Types'),('Authenticated','Get Field Types'),('Authenticated','Get Global Properties'),('Authenticated','Get Identifier Types'),('Authenticated','Get Locations'),('Authenticated','Get Order Types'),('Authenticated','Get Person Attribute Types'),('Authenticated','Get Privileges'),('Authenticated','Get Relationship Types'),('Authenticated','Get Relationships'),('Authenticated','Get Roles'),('Authenticated','Patient Overview - View Relationships'),('Authenticated','View Concept Classes'),('Authenticated','View Concept Datatypes'),('Authenticated','View Encounter Types'),('Authenticated','View Field Types'),('Authenticated','View Global Properties'),('Authenticated','View Identifier Types'),('Authenticated','View Locations'),('Authenticated','View Order Types'),('Authenticated','View Person Attribute Types'),('Authenticated','View Privileges'),('Authenticated','View Relationship Types'),('Authenticated','View Relationships'),('Authenticated','View Roles'),('Base Clinical Role','Add Allergies'),('Base Clinical Role','Add Attachments'),('Base Clinical Role','Add Conditions'),('Base Clinical Role','Add Immunizations'),('Base Clinical Role','Add Patient Programs'),('Base Clinical Role','Add Patient To List Button'),('Base Clinical Role','Add Visits'),('Base Clinical Role','Delete Patient Programs'),('Base Clinical Role','Edit conditions'),('Base Clinical Role','Edit Patient Details Button'),('Base Clinical Role','Edit Patient Programs'),('Base Clinical Role','Get conditions'),('Base Clinical Role','Get Forms'),('Base Clinical Role','Get Patient Programs'),('Base Clinical Role','Manage allergies'),('Base Clinical Role','Manage Appointment'),('Base Clinical Role','Manage Appointment Services'),('Base Clinical Role','Manage Appointments'),('Base Clinical Role','Manage conditions'),('Base Clinical Role','Manage encounters'),('Base Clinical Role','Manage Immunization Summary'),('Base Clinical Role','Manage Order Basket'),('Base Clinical Role','Manage Patient Appointment'),('Base Clinical Role','Manage Patient Appointment Orders'),('Base Clinical Role','Manage patient appointments'),('Base Clinical Role','Manage Patient Appointments Link'),('Base Clinical Role','Manage patient attachments'),('Base Clinical Role','Manage Patient Conditions'),('Base Clinical Role','Manage Patient Investigation'),('Base Clinical Role','Manage Patient Medication'),('Base Clinical Role','Manage Patient Notes'),('Base Clinical Role','Manage patient orders'),('Base Clinical Role','Manage Patient Results'),('Base Clinical Role','Manage Patient Test Summary'),('Base Clinical Role','Manage Patient Vital'),('Base Clinical Role','Mark Dead Button'),('Base Clinical Role','Next Service Point'),('Base Clinical Role','Stop Visit Button'),('Base Clinical Role','Task: Manage Condition Lists'),('Base Clinical Role','View Appointment Services'),('Base Clinical Role','View OrderTemplates'),('Base Clinical Role','View Patient Programs'),('Base Clinical Role','View Patient Summary'),('Base Clinical Role','View Programs'),('Base Clinical Role','View Test Results'),('Base Reporting Data Manager','App: ugandaemr.reports'),('Base Reporting Data Manager','App: ugandaemrreports.caseBasedSurveillanceEIDReport'),('Base Reporting Data Manager','App: ugandaemrreports.CBSAdultQuarterlyReport'),('Base Reporting Data Manager','App: ugandaemrreports.facilityDeathList'),('Base Reporting Data Manager','App: ugandaemrreports.HCAReport'),('Base Reporting Data Manager','App: ugandaemrreports.HMIS105'),('Base Reporting Data Manager','App: ugandaemrreports.HMIS106aSection1A'),('Base Reporting Data Manager','App: ugandaemrreports.HMIS106aSection1B'),('Base Reporting Data Manager','App: ugandaemrreports.HMIS106aWithDSDMAggregations'),('Base Reporting Data Manager','App: ugandaemrreports.HMIS177ViralLoadAddendumQuarterlyReport'),('Base Reporting Data Manager','App: ugandaemrreports.MERHCTTSTFacilityReport'),('Base Reporting Data Manager','App: ugandaemrreports.MERHTSRECENTReport'),('Base Reporting Data Manager','App: ugandaemrreports.MERPMTCTSTATReport'),('Base Reporting Data Manager','App: ugandaemrreports.MERTBARTReport'),('Base Reporting Data Manager','App: ugandaemrreports.MERTBSTATReport'),('Base Reporting Data Manager','App: ugandaemrreports.MERTxCurrent_30DaysReport'),('Base Reporting Data Manager','App: ugandaemrreports.MERTxCurrent_90DaysReport'),('Base Reporting Data Manager','App: ugandaemrreports.MERTxNewReport'),('Base Reporting Data Manager','App: ugandaemrreports.MERTX_TB'),('Base Reporting Data Manager','App: ugandaemrreports.optionBWeeklySMSReport'),('Base Reporting Data Manager','App: ugandaemrreports.UgandaEMRReports2014HMISTools'),('Base Reporting Data Manager','App: ugandaemrreports.UgandaEMRReports2019HMISTools'),('Base Role','Add Encounters'),('Base Role','Add Observations'),('Base Role','Add Orders'),('Base Role','Add Patient Identifiers'),('Base Role','Add Patient Programs'),('Base Role','Add Patients'),('Base Role','Add People'),('Base Role','Add Relationships'),('Base Role','App: coreapps.mergePatient'),('Base Role','App: coreapps.patientDashboard'),('Base Role','App: coreapps.patientVisits'),('Base Role','App: referenceapplication.vitals'),('Base Role','App: ugandaemr.widget.dataIntegrityViolation'),('Base Role','App: ugandaemr.widget.nextAppointment'),('Base Role','Delete Patient Identifiers'),('Base Role','Delete Patients'),('Base Role','Delete People'),('Base Role','Edit Encounters'),('Base Role','Edit Observations'),('Base Role','Edit Orders'),('Base Role','Edit Patient Identifiers'),('Base Role','Edit Patient Programs'),('Base Role','Edit Patients'),('Base Role','Edit People'),('Base Role','Edit Relationships'),('Base Role','Edit Visits'),('Base Role','Get Care Settings'),('Base Role','Get Concept Classes'),('Base Role','Get Concept Datatypes'),('Base Role','Get Concept Proposals'),('Base Role','Get Concept Sources'),('Base Role','Get Concepts'),('Base Role','Get Diagnoses'),('Base Role','Get Encounter Roles'),('Base Role','Get Encounter Types'),('Base Role','Get Encounters'),('Base Role','Get Observations'),('Base Role','Get Order Frequencies'),('Base Role','Get Order Sets'),('Base Role','Get Order Types'),('Base Role','Get Orders'),('Base Role','Get Patient Identifiers'),('Base Role','Get Patient Programs'),('Base Role','Get Patients'),('Base Role','Get People'),('Base Role','Get Programs'),('Base Role','Get Providers'),('Base Role','Get Relationships'),('Base Role','Get Users'),('Base Role','Get Visit Attribute Types'),('Base Role','Get Visit Types'),('Base Role','Get Visits'),('Base Role','Manage Provider Schedules'),('Base Role','Manage Providers'),('Base Role','Patient Dashboard - View Demographics Section'),('Base Role','Patient Dashboard - View Overview Section'),('Base Role','Patient Dashboard - View Patient Summary'),('Base Role','Patient Overview - View Relationships'),('Base Role','SQL Level Access'),('Base Role','Task: coreapps.deletePatient'),('Base Role','Task: coreapps.enrollInProgram'),('Base Role','Task: emr.patient.encounter.delete'),('Base Role','Task: emr.patient.encounter.edit'),('Base Role','View Appointment Types'),('Base Role','View Appointments'),('Base Role','View Appointments Blocks'),('Base Role','View Appointments Statistics'),('Base Role','View Metadata Via Mapping'),('Base Role','View Observations'),('Base Role','View Order Types'),('Base Role','View Orders'),('Base Role','View Patient Appointment History'),('Base Role','View Patient Cohorts'),('Base Role','View Patient Identifiers'),('Base Role','View Patient Programs'),('Base Role','View Patients'),('Base Role','View People'),('Base Role','View Providers'),('Base Role','View Relationships'),('Base Role','View Visits'),('Cashier','Adjust Cashier Bills'),('Cashier','App: Access Cashier Tasks'),('Cashier','App: stockmanagement.stockItems'),('Cashier','App: View Cashier App'),('Cashier','Manage Billing'),('Cashier','Manage Cashier Bills'),('Cashier','Manage Cashier Metadata'),('Cashier','Manage Cashier Timesheets'),('Cashier','Next Service Point'),('Cashier','Purge Cashier Bills'),('Cashier','Purge Cashier Metadata'),('Cashier','Purge Cashier Timesheets'),('Cashier','Task: Adjust Cashier Bills'),('Cashier','Task: Cashier Timesheets'),('Cashier','Task: Manage Cashier Metadata'),('Cashier','Task: Manage Cashier Module'),('Cashier','Task: View Cashier Reports'),('Cashier','View Cashier Bills'),('Cashier','View Cashier Metadata'),('Cashier','View Cashier Timesheets'),('Counselor','App: ugandaemrpoc.counselingCenter'),('Counselor','Manage Care Panel'),('Counselor','Manage Clinical Forms'),('Counselor','Manage HIV Prevention Services'),('Counselor','Manage Patient Program'),('Counselor','Task: HIV Clinic Access'),('Counselor','Task: patientqueueing.completePatientQueue'),('Counselor','Task: patientqueueing.sendPatientToQueue'),('Counselor','View Clinical Views Divider'),('Data Clerk','Add Visits'),('Data Clerk','App: coreapps.dataManagement'),('Data Clerk','App: coreapps.mergePatient'),('Data Clerk','App: coreapps.patientDashboard'),('Data Clerk','App: fingerprint.addPatientFingerprint'),('Data Clerk','App: fingerprint.fingerprintDetails'),('Data Clerk','App: fingerprint.statistic'),('Data Clerk','App: ugandaemr.widget.artStatus'),('Data Clerk','App: ugandaemr.widget.directionsToResidence'),('Data Clerk','App: ugandaemr.widget.dsdmPatientHistory'),('Data Clerk','App: ugandaemr.widget.lastARTVisitSummary'),('Data Clerk','App: ugandaemr.widget.patientSummary'),('Data Clerk','App: ugandaemr.widget.tptStatus'),('Data Clerk','App: ugandaemr.widget.viralLoadHistory'),('Data Clerk','App: ugandaemrpoc.findPatient'),('Data Clerk','Task: coreapps.createRetrospectiveVisit'),('Data Clerk','Task: coreapps.createVisit'),('Data Clerk','Task: coreapps.editRelationships'),('Data Clerk','Task: coreapps.markPatientDead'),('Data Clerk','Task: coreapps.mergeVisits'),('Data Clerk','Task: HIV Clinic Access'),('EID Data Manager','App: ugandaemrreports.EIDRegister'),('EID Data Manager','App: ugandaemrreports.exposedInfantDuefor1stPCR'),('EID Data Manager','App: ugandaemrreports.exposedInfantsDuefor1stPCR'),('EID Data Manager','App: ugandaemrreports.exposedInfantsDuefor2ndPCR'),('EID Data Manager','App: ugandaemrreports.exposedInfantsDueforAppointment'),('EID Data Manager','App: ugandaemrreports.exposedInfantsDueforRapidTest'),('EID Data Manager','App: ugandaemrreports.familyConnectEMTCTModuleDataExport'),('HIV Clinic','Access Offline Tools'),('HIV Clinic','Add Allergies'),('HIV Clinic','Add Attachments'),('HIV Clinic','Add Conditions'),('HIV Clinic','Add Visits'),('HIV Clinic','App: ugandaemr.widget.artStatus'),('HIV Clinic','App: ugandaemr.widget.directionsToResidence'),('HIV Clinic','App: ugandaemr.widget.dsdmPatientHistory'),('HIV Clinic','App: ugandaemr.widget.lastARTVisitSummary'),('HIV Clinic','App: ugandaemr.widget.patientSummary'),('HIV Clinic','App: ugandaemr.widget.regimenChangeList'),('HIV Clinic','App: ugandaemr.widget.regimenLinesSummary'),('HIV Clinic','App: ugandaemr.widget.tptStatus'),('HIV Clinic','App: ugandaemr.widget.viralLoadHistory'),('HIV Clinic','App: ugandaemrpoc.artclinic'),('HIV Clinic','Appointments: Invite Providers'),('HIV Clinic','Edit conditions'),('HIV Clinic','Edit Diagnoses'),('HIV Clinic','Edit Notes'),('HIV Clinic','Get Allergies'),('HIV Clinic','Get conditions'),('HIV Clinic','Get Forms'),('HIV Clinic','Get Notes'),('HIV Clinic','Manage Appointment'),('HIV Clinic','Manage Appointment Services'),('HIV Clinic','Manage Appointment Specialities'),('HIV Clinic','Manage Appointment Types'),('HIV Clinic','Manage Appointments'),('HIV Clinic','Manage Appointments Settings'),('HIV Clinic','Manage Appointments Summary'),('HIV Clinic','Manage Care Panel'),('HIV Clinic','Manage Clinical Forms'),('HIV Clinic','Manage clinical views divider'),('HIV Clinic','Manage HIV Care and Treatment'),('HIV Clinic','Manage HIV Prevention Services'),('HIV Clinic','Manage Immunization Summary'),('HIV Clinic','Manage OrderTemplates'),('HIV Clinic','Manage Own Appointments'),('HIV Clinic','Manage Patient Allergies'),('HIV Clinic','Manage Patient Appointment'),('HIV Clinic','Manage Patient Appointment Orders'),('HIV Clinic','Manage Patient Conditions'),('HIV Clinic','Manage Patient Immunization Orders'),('HIV Clinic','Manage Patient Investigation'),('HIV Clinic','Manage Patient Lab Orders'),('HIV Clinic','Manage Patient Medication'),('HIV Clinic','Manage Patient Notes'),('HIV Clinic','Manage Patient Program'),('HIV Clinic','Manage Patient Queues'),('HIV Clinic','Manage Patient Results'),('HIV Clinic','Manage Patient Summary'),('HIV Clinic','Manage Patient Visits'),('HIV Clinic','Manage Patient Vital'),('HIV Clinic','Manage Programs'),('HIV Clinic','Mark Dead Button'),('HIV Clinic','Next Service Point'),('HIV Clinic','Request Appointments'),('HIV Clinic','Reset Appointment Status'),('HIV Clinic','Schedule Appointments'),('HIV Clinic','Squeezing Appointments'),('HIV Clinic','Task: coreapps.markPatientDead'),('HIV Clinic','Task: HIV Clinic Access'),('HIV Clinic','Task: patientqueueing.completePatientQueue'),('HIV Clinic','Task: patientqueueing.sendPatientToQueue'),('HIV Clinic','Update Appointment'),('HIV Clinic','Update Appointment Status'),('HIV Clinic','View Appointment Services'),('HIV Clinic','View attachments'),('HIV Clinic','View Clinical Views Divider'),('HIV Clinic','View Clinician Queuelist'),('HIV Clinic','View completedQueue'),('HIV Clinic','View Encounters'),('HIV Clinic','View Patient Summary'),('HIV Data Management','App: ugandaemrreports.activePatientsInCare'),('HIV Data Management','App: ugandaemrreports.adherenceReport'),('HIV Data Management','App: ugandaemrreports.appointmentList'),('HIV Data Management','App: ugandaemrreports.appointmentsList'),('HIV Data Management','App: ugandaemrreports.ARTPatientExport'),('HIV Data Management','App: ugandaemrreports.ARTRegister'),('HIV Data Management','App: ugandaemrreports.DSDMStablityAssessmentReport'),('HIV Data Management','App: ugandaemrreports.dueForViralLoad'),('HIV Data Management','App: ugandaemrreports.EIDRegister'),('HIV Data Management','App: ugandaemrreports.EWILostToFollowUp'),('HIV Data Management','App: ugandaemrreports.exposedInfantDuefor1stPCR'),('HIV Data Management','App: ugandaemrreports.exposedInfantsDuefor1stPCR'),('HIV Data Management','App: ugandaemrreports.exposedInfantsDuefor2ndPCR'),('HIV Data Management','App: ugandaemrreports.exposedInfantsDueforAppointment'),('HIV Data Management','App: ugandaemrreports.exposedInfantsDueforRapidTest'),('HIV Data Management','App: ugandaemrreports.familyConnectEMTCTModuleDataExport'),('HIV Data Management','App: ugandaemrreports.lostClients'),('HIV Data Management','App: ugandaemrreports.lostToFollowUp'),('HIV Data Management','App: ugandaemrreports.missedAppointmentList'),('HIV Data Management','App: ugandaemrreports.missedAppointmentsList'),('HIV Data Management','App: ugandaemrreports.nonSuppressedViralLoad'),('HIV Data Management','App: ugandaemrreports.overdueforViralLoad'),('HIV Data Management','App: ugandaemrreports.patientAppointmentBook'),('HIV Data Management','App: ugandaemrreports.patientDSDMModelReport'),('HIV Data Management','App: ugandaemrreports.pillPickup'),('HIV Data Management','App: ugandaemrreports.pre-ARTRegister'),('HIV Data Management','App: ugandaemrreports.transferInList'),('HIV Data Management','App: ugandaemrreports.transferOutList'),('HIV Data Management','App: ugandaemrreports.viralLoadSupression'),('HTS Data Manager','App: ugandaemrreports.hCTCardDataExport'),('HTS Data Manager','App: ugandaemrreports.HMIS055-HCTRegister'),('HTS Data Manager','App: ugandaemrreports.HTSClientCardDataExport'),('HTS Data Manager','App: ugandaemrreports.recencyHTSClientCardDataExport'),('Inventory Administrator','App: stockmanagement.userRoleScopes'),('Inventory Administrator','Task: stockmanagement.userRoleScopes.mutate'),('Inventory Clerk','Task: stockmanagement.stockoperations.mutate'),('Inventory Clerk','Task: stockmanagement.stockoperations.receiveitems'),('Inventory Clerk','Task: stockmanagement.stockSources.mutate'),('Inventory Dispensing','Task: stockmanagement.stockItems.dispense'),('Inventory Manager','Task: stockmanagement.stockItems.mutate'),('Inventory Manager','Task: stockmanagement.stockoperations.approve'),('Inventory Manager','Task: stockmanagement.stockoperations.mutate'),('Inventory Manager','Task: stockmanagement.stockoperations.receiveitems'),('Inventory Manager','Task: stockmanagement.stockSources.mutate'),('Inventory Provider Access','App: stockmanagement.stockItems'),('Inventory Provider Access','App: stockmanagement.stockOperationType'),('Inventory Provider Access','App: stockmanagement.stockSources'),('Inventory Provider Access','Get Concepts'),('Inventory Provider Access','Get Locations'),('Inventory Provider Access','Get Users'),('Inventory Provider Access','Task: stockmanagement.party.read'),('Inventory Provider Access','Task: stockmanagement.stockItems.dispense.qty'),('Inventory Reporting','App: stockmanagement.reports'),('Inventory Reporting','Get Patients'),('Inventory Reporting','Manage Scheduler'),('Inventory Reporting','Task: stockmanagement.reports.mutate'),('Lab Management Base Role','App: labmanagement.approvalconfigurations'),('Lab Management Base Role','App: labmanagement.dashboard'),('Lab Management Base Role','App: labmanagement.storage'),('Lab Management Base Role','App: labmanagement.testconfigurations'),('Lab Management Base Role','Get Care Settings'),('Lab Management Base Role','Get Concepts'),('Lab Management Base Role','Get Locations'),('Lab Management Base Role','Get Patients'),('Lab Management Base Role','Get Roles'),('Lab Management Base Role','Get Users'),('Lab Management Base Role','View Providers'),('Laboratory Administrator','App: labmanagement.repository'),('Laboratory Administrator','Manage Alerts'),('Laboratory Administrator','Manage Locations'),('Laboratory Administrator','Task: labmanagement.approvalconfigurations.mutate'),('Laboratory Administrator','Task: labmanagement.repository.mutate'),('Laboratory Administrator','Task: labmanagement.storage.mutate'),('Laboratory Administrator','Task: labmanagement.testconfigurations.mutate'),('Laboratory Administrator','Task: labmanagement.testresults.approve'),('Laboratory Clinician','App: labmanagement.testresults'),('Laboratory Phlebotomist','App: labmanagement.samples'),('Laboratory Phlebotomist','App: labmanagement.testrequests'),('Laboratory Phlebotomist','Edit Orders'),('Laboratory Phlebotomist','Get Encounters'),('Laboratory Phlebotomist','Task: labmanagement.samples.collect'),('Laboratory Receptionist','Add Encounters'),('Laboratory Receptionist','Add Visits'),('Laboratory Receptionist','App: labmanagement.testrequests'),('Laboratory Receptionist','Edit Encounters'),('Laboratory Receptionist','Edit Orders'),('Laboratory Receptionist','Get Encounters'),('Laboratory Receptionist','Task: labmanagement.testrequests.mutate'),('Laboratory Reporting','App: labmanagement.reports'),('Laboratory Reporting','App: labmanagement.samples'),('Laboratory Reporting','App: labmanagement.testrequests'),('Laboratory Reporting','App: labmanagement.testresults'),('Laboratory Reporting','App: labmanagement.worksheets'),('Laboratory Reporting','Get Encounters'),('Laboratory Reporting','Manage Scheduler'),('Laboratory Reporting','Task: labmanagement.reports.mutate'),('Laboratory Repository Manager','App: labmanagement.repository'),('Laboratory Repository Manager','App: labmanagement.samples'),('Laboratory Repository Manager','App: labmanagement.testrequests'),('Laboratory Repository Manager','Task: labmanagement.repository.mutate'),('Laboratory Request Approver','App: labmanagement.testrequests'),('Laboratory Request Approver','Edit Orders'),('Laboratory Request Approver','Get Encounters'),('Laboratory Request Approver','Task: labmanagement.testrequests.approve'),('Laboratory Results Approver','Manage Alerts'),('Laboratory Results Approver','Task: labmanagement.testresults.approve'),('Laboratory Technician','App: labmanagement.reports'),('Laboratory Technician','App: labmanagement.worksheets'),('Laboratory Technician','Manage Scheduler'),('Laboratory Technician','Task: labmanagement.reports.mutate'),('Laboratory Technician','Task: labmanagement.samples.mutate'),('Laboratory Technician','Task: labmanagement.testresults.mutate'),('Laboratory Technician','Task: labmanagement.worksheets.mutate'),('MCH Clinic','App: ugandaemrpoc.mchclinic'),('MCH Clinic','Manage Care Panel'),('MCH Clinic','Manage Clinical Forms'),('MCH Clinic','Manage clinical views divider'),('MCH Clinic','Manage EID Program'),('MCH Clinic','Manage Patient Program'),('MCH Clinic','Task: coreapps.markPatientDead'),('MCH Clinic','Task: patientqueueing.completePatientQueue'),('MCH Clinic','Task: patientqueueing.sendPatientToQueue'),('MCH Clinic','View Clinical Views Divider'),('MCH Data Manager','App: ugandaemrreports.ANCRegister'),('MCH Data Manager','App: ugandaemrreports.familyConnectEMTCTModuleDataExport'),('MCH Data Manager','App: ugandaemrreports.maternityRegister'),('MCH Data Manager','App: ugandaemrreports.PNCRegister'),('OPD Clinic','Access Offline Tools'),('OPD Clinic','Add Attachments'),('OPD Clinic','Add Conditions'),('OPD Clinic','Add Vitals and Biometrics'),('OPD Clinic','App: ugandaemrpoc.outpatient'),('OPD Clinic','Manage IPD'),('OPD Clinic','Manage OPD'),('OPD Clinic','Manage Patient Investigation'),('OPD Clinic','Manage Patient Medication'),('OPD Clinic','Manage Patient Program'),('OPD Clinic','Manage Patient Vital'),('OPD Clinic','Task: coreapps.markPatientDead'),('OPD Clinic','Task: patientqueueing.completePatientQueue'),('OPD Clinic','Task: patientqueueing.sendPatientToQueue'),('OPD Clinic','View Clinician Queuelist'),('OPD Clinic','View Patient Summary'),('OPD Data Manager','App: ugandaemrreports.OPDRegister'),('Organizational: Clinician','Adjust Cashier Bills'),('Organizational: Clinician','App: Access Cashier Tasks'),('Organizational: Clinician','App: checkin.workspace'),('Organizational: Clinician','App: patientQueue.clinician.dashboard'),('Organizational: Clinician','App: patientqueueing.providerDashboard'),('Organizational: Clinician','App: View Cashier App'),('Organizational: Clinician','Get Conditions'),('Organizational: Clinician','Get Medication Dispense'),('Organizational: Clinician','Manage AI Button'),('Organizational: Clinician','Manage allergies'),('Organizational: Clinician','Manage Care Panel'),('Organizational: Clinician','Manage Cashier Bills'),('Organizational: Clinician','Manage Cashier Metadata'),('Organizational: Clinician','Manage Clinical Forms'),('Organizational: Clinician','Manage conditions'),('Organizational: Clinician','Manage encounters'),('Organizational: Clinician','Manage Order Basket'),('Organizational: Clinician','Manage Patient Allergies'),('Organizational: Clinician','Manage Patient Appointment'),('Organizational: Clinician','Manage Patient Appointments Link'),('Organizational: Clinician','Manage patient attachments'),('Organizational: Clinician','Manage Patient Billing'),('Organizational: Clinician','Manage Patient Conditions'),('Organizational: Clinician','Manage Patient Medication'),('Organizational: Clinician','Manage Patient Notes'),('Organizational: Clinician','Manage patient orders'),('Organizational: Clinician','Manage Patient Program'),('Organizational: Clinician','Manage Patient Queues'),('Organizational: Clinician','Manage Patient Results'),('Organizational: Clinician','Manage Patient Summary'),('Organizational: Clinician','Manage Patient Test Summary'),('Organizational: Clinician','Manage Patient Visits'),('Organizational: Clinician','Manage Patient Vital'),('Organizational: Clinician','Manage Visit Note'),('Organizational: Clinician','Patient Dashboard - View Forms Section'),('Organizational: Clinician','Purge Cashier Bills'),('Organizational: Clinician','Purge Cashier Metadata'),('Organizational: Clinician','Search Patient'),('Organizational: Clinician','Stop Visit Button'),('Organizational: Clinician','Task: Adjust Cashier Bills'),('Organizational: Clinician','Task: Manage Cashier Metadata'),('Organizational: Clinician','Task: Manage Cashier Module'),('Organizational: Clinician','Task: patientqueueing.pickPatientQueue'),('Organizational: Clinician','View Allergies'),('Organizational: Clinician','View attachments'),('Organizational: Clinician','View AverageWaitingTime'),('Organizational: Clinician','View Clinical Room Menu'),('Organizational: Clinician','View Clinical Views Divider'),('Organizational: Clinician','View completedQueue'),('Organizational: Clinician','View OrderTemplates'),('Organizational: Clinician','View patientSummary'),('Organizational: Clinician','View Serving'),('Organizational: Clinician','View vitalsAndBiometrics'),('Organizational: Clinician','View workLoad'),('Organizational: Laboratory','App: ugandaemrpoc.laboratory'),('Organizational: Laboratory','Delete Orders'),('Organizational: Laboratory','Edit Diagnoses'),('Organizational: Laboratory','Manage Laboratory'),('Organizational:Pharmacy','App: ugandaemrpoc.pharmacy'),('Organizational:Pharmacy','Task: dispensing.create.dispense'),('Organizational:Pharmacy','Task: dispensing.create.dispense.allowSubstitutions'),('Organizational:Pharmacy','Task: dispensing.create.dispense.andModifyDetails'),('Organizational:Pharmacy','Task: dispensing.delete.dispense'),('Organizational:Pharmacy','Task: dispensing.delete.dispense.ifCreator'),('Organizational:Pharmacy','Task: dispensing.edit.dispense'),('Organizational:Pharmacy','View Dispensing Menu'),('Privilege Level: Full','Access Offline Tools'),('Privilege Level: Full','Add Allergies'),('Privilege Level: Full','Add Attachments'),('Privilege Level: Full','Add Cohorts'),('Privilege Level: Full','Add Concept Proposals'),('Privilege Level: Full','Add Conditions'),('Privilege Level: Full','Add Encounters'),('Privilege Level: Full','Add HL7 Inbound Archive'),('Privilege Level: Full','Add HL7 Inbound Exception'),('Privilege Level: Full','Add HL7 Inbound Queue'),('Privilege Level: Full','Add HL7 Source'),('Privilege Level: Full','Add Immunizations'),('Privilege Level: Full','Add Observations'),('Privilege Level: Full','Add Orders'),('Privilege Level: Full','Add Patient Button'),('Privilege Level: Full','Add Patient Identifiers'),('Privilege Level: Full','Add Patient Programs'),('Privilege Level: Full','Add Patient To List Button'),('Privilege Level: Full','Add Patients'),('Privilege Level: Full','Add People'),('Privilege Level: Full','Add Problems'),('Privilege Level: Full','Add Relationships'),('Privilege Level: Full','Add Report Objects'),('Privilege Level: Full','Add Reports'),('Privilege Level: Full','Add Users'),('Privilege Level: Full','Add Visits'),('Privilege Level: Full','Add Vitals and Biometrics'),('Privilege Level: Full','Adjust Cashier Bills'),('Privilege Level: Full','app:adt'),('Privilege Level: Full','Appointments: Invite Providers'),('Privilege Level: Full','Assign Beds'),('Privilege Level: Full','Assign System Developer Role'),('Privilege Level: Full','Cancel Visit Button'),('Privilege Level: Full','Configure Visits'),('Privilege Level: Full','Create Attachments'),('Privilege Level: Full','Create Teleconsultation'),('Privilege Level: Full','Dashboard : View HIE dasboard'),('Privilege Level: Full','Delete Appointment'),('Privilege Level: Full','Delete Cohorts'),('Privilege Level: Full','Delete Concept Proposals'),('Privilege Level: Full','Delete Conditions'),('Privilege Level: Full','Delete Diagnoses'),('Privilege Level: Full','Delete Encounters'),('Privilege Level: Full','Delete HL7 Inbound Archive'),('Privilege Level: Full','Delete HL7 Inbound Exception'),('Privilege Level: Full','Delete HL7 Inbound Queue'),('Privilege Level: Full','Delete Medication Dispense'),('Privilege Level: Full','Delete Notes'),('Privilege Level: Full','Delete Observations'),('Privilege Level: Full','Delete Orders'),('Privilege Level: Full','Delete Patient Identifiers'),('Privilege Level: Full','Delete Patient Programs'),('Privilege Level: Full','Delete Patients'),('Privilege Level: Full','Delete People'),('Privilege Level: Full','Delete Relationships'),('Privilege Level: Full','Delete Report Objects'),('Privilege Level: Full','Delete Reports'),('Privilege Level: Full','Delete Users'),('Privilege Level: Full','Delete Visits'),('Privilege Level: Full','Edit Admission Locations'),('Privilege Level: Full','Edit Allergies'),('Privilege Level: Full','Edit Bed Tags'),('Privilege Level: Full','Edit Bed Type'),('Privilege Level: Full','Edit Beds'),('Privilege Level: Full','Edit Cohorts'),('Privilege Level: Full','Edit Cohorts In Cohort Module'),('Privilege Level: Full','Edit Concept Proposals'),('Privilege Level: Full','Edit Conditions'),('Privilege Level: Full','Edit Diagnoses'),('Privilege Level: Full','Edit Encounters'),('Privilege Level: Full','Edit Medication Dispense'),('Privilege Level: Full','Edit Notes'),('Privilege Level: Full','Edit Observations'),('Privilege Level: Full','Edit Orders'),('Privilege Level: Full','Edit Patient Demographics'),('Privilege Level: Full','Edit Patient Details Button'),('Privilege Level: Full','Edit Patient Identifiers'),('Privilege Level: Full','Edit Patient Programs'),('Privilege Level: Full','Edit Patients'),('Privilege Level: Full','Edit People'),('Privilege Level: Full','Edit Problems'),('Privilege Level: Full','Edit Relationships'),('Privilege Level: Full','Edit Report Objects'),('Privilege Level: Full','Edit Reports'),('Privilege Level: Full','Edit Tags'),('Privilege Level: Full','Edit User Passwords'),('Privilege Level: Full','Edit Users'),('Privilege Level: Full','Edit Visits'),('Privilege Level: Full','Emr: View Legacy Interface'),('Privilege Level: Full','Form Entry'),('Privilege Level: Full','Generate Batch of Identifiers'),('Privilege Level: Full','Get Admission Locations'),('Privilege Level: Full','Get Allergies'),('Privilege Level: Full','Get Bed Tags'),('Privilege Level: Full','Get Bed Type'),('Privilege Level: Full','Get Beds'),('Privilege Level: Full','Get Care Settings'),('Privilege Level: Full','Get Concept Attribute Types'),('Privilege Level: Full','Get Concept Classes'),('Privilege Level: Full','Get Concept Datatypes'),('Privilege Level: Full','Get Concept Map Types'),('Privilege Level: Full','Get Concept Proposals'),('Privilege Level: Full','Get Concept Reference Terms'),('Privilege Level: Full','Get Concept Sources'),('Privilege Level: Full','Get Concepts'),('Privilege Level: Full','Get Conditions'),('Privilege Level: Full','Get Database Changes'),('Privilege Level: Full','Get Diagnoses'),('Privilege Level: Full','Get Diagnoses Attribute Types'),('Privilege Level: Full','Get Encounter Roles'),('Privilege Level: Full','Get Encounter Types'),('Privilege Level: Full','Get Encounters'),('Privilege Level: Full','Get Field Types'),('Privilege Level: Full','Get Forms'),('Privilege Level: Full','Get Global Properties'),('Privilege Level: Full','Get HL7 Inbound Archive'),('Privilege Level: Full','Get HL7 Inbound Exception'),('Privilege Level: Full','Get HL7 Inbound Queue'),('Privilege Level: Full','Get HL7 Source'),('Privilege Level: Full','Get Identifier Types'),('Privilege Level: Full','Get Location Attribute Types'),('Privilege Level: Full','Get Locations'),('Privilege Level: Full','Get Medication Dispense'),('Privilege Level: Full','Get Notes'),('Privilege Level: Full','Get Observations'),('Privilege Level: Full','Get Order Frequencies'),('Privilege Level: Full','Get Order Set Attribute Types'),('Privilege Level: Full','Get Order Sets'),('Privilege Level: Full','Get Order Types'),('Privilege Level: Full','Get Orders'),('Privilege Level: Full','Get Patient Cohorts'),('Privilege Level: Full','Get Patient Identifiers'),('Privilege Level: Full','Get Patient Programs'),('Privilege Level: Full','Get Patients'),('Privilege Level: Full','Get People'),('Privilege Level: Full','Get Person Attribute Types'),('Privilege Level: Full','Get Privileges'),('Privilege Level: Full','Get Problems'),('Privilege Level: Full','Get Programs'),('Privilege Level: Full','Get Provider Attribute Types'),('Privilege Level: Full','Get Providers'),('Privilege Level: Full','Get Relationship Types'),('Privilege Level: Full','Get Relationships'),('Privilege Level: Full','Get Roles'),('Privilege Level: Full','Get Tags'),('Privilege Level: Full','Get Users'),('Privilege Level: Full','Get Visit Attribute Types'),('Privilege Level: Full','Get Visit Types'),('Privilege Level: Full','Get Visits'),('Privilege Level: Full','Manage Address Hierarchy'),('Privilege Level: Full','Manage Address Templates'),('Privilege Level: Full','Manage AI Button'),('Privilege Level: Full','Manage Alerts'),('Privilege Level: Full','Manage allergies'),('Privilege Level: Full','Manage Appointment'),('Privilege Level: Full','Manage Appointment Services'),('Privilege Level: Full','Manage Appointment Specialities'),('Privilege Level: Full','Manage Appointment Types'),('Privilege Level: Full','Manage Appointments'),('Privilege Level: Full','Manage Appointments Settings'),('Privilege Level: Full','Manage Appointments Summary'),('Privilege Level: Full','Manage Atlas Data'),('Privilege Level: Full','Manage Auto Generation Options'),('Privilege Level: Full','Manage Billing'),('Privilege Level: Full','Manage Care Panel'),('Privilege Level: Full','Manage Cashier Bills'),('Privilege Level: Full','Manage Cashier Metadata'),('Privilege Level: Full','Manage Cashier Timesheets'),('Privilege Level: Full','Manage clinical dashboard'),('Privilege Level: Full','Manage Clinical Forms'),('Privilege Level: Full','Manage clinical views divider'),('Privilege Level: Full','Manage Cohort Definitions'),('Privilege Level: Full','Manage Cohorts In Cohort Module'),('Privilege Level: Full','Manage Concept Attribute Types'),('Privilege Level: Full','Manage Concept Classes'),('Privilege Level: Full','Manage Concept Datatypes'),('Privilege Level: Full','Manage Concept Map Types'),('Privilege Level: Full','Manage Concept Name tags'),('Privilege Level: Full','Manage Concept Reference Terms'),('Privilege Level: Full','Manage Concept Sources'),('Privilege Level: Full','Manage Concept Stop Words'),('Privilege Level: Full','Manage Concepts'),('Privilege Level: Full','Manage conditions'),('Privilege Level: Full','Manage Data Set Definitions'),('Privilege Level: Full','Manage Data Visualizer'),('Privilege Level: Full','Manage Dimension Definitions'),('Privilege Level: Full','Manage Dispensing'),('Privilege Level: Full','Manage EID Program'),('Privilege Level: Full','Manage Encounter Roles'),('Privilege Level: Full','Manage Encounter Types'),('Privilege Level: Full','Manage encounters'),('Privilege Level: Full','Manage Field Types'),('Privilege Level: Full','Manage Flags'),('Privilege Level: Full','Manage FormEntry XSN'),('Privilege Level: Full','Manage Forms'),('Privilege Level: Full','Manage Global Properties'),('Privilege Level: Full','Manage HIV Care and Treatment'),('Privilege Level: Full','Manage HIV Prevention Services'),('Privilege Level: Full','Manage HL7 Messages'),('Privilege Level: Full','Manage Home Link'),('Privilege Level: Full','Manage Identifier Sources'),('Privilege Level: Full','Manage Identifier Types'),('Privilege Level: Full','Manage Immunization Summary'),('Privilege Level: Full','Manage Implementation Id'),('Privilege Level: Full','Manage Indicator Definitions'),('Privilege Level: Full','Manage Inpatient'),('Privilege Level: Full','Manage IPD'),('Privilege Level: Full','Manage Laboratory'),('Privilege Level: Full','Manage Location Attribute Types'),('Privilege Level: Full','Manage Location Tags'),('Privilege Level: Full','Manage Locations'),('Privilege Level: Full','Manage Metadata Mapping'),('Privilege Level: Full','Manage Modules'),('Privilege Level: Full','Manage OPD'),('Privilege Level: Full','Manage Order Basket'),('Privilege Level: Full','Manage Order Frequencies'),('Privilege Level: Full','Manage Order Set Attribute Types'),('Privilege Level: Full','Manage Order Sets'),('Privilege Level: Full','Manage Order Types'),('Privilege Level: Full','Manage OrderTemplates'),('Privilege Level: Full','Manage OWA'),('Privilege Level: Full','Manage Own Appointments'),('Privilege Level: Full','Manage Patient Allergies'),('Privilege Level: Full','Manage Patient Appointment'),('Privilege Level: Full','Manage Patient Appointment Orders'),('Privilege Level: Full','Manage patient appointments'),('Privilege Level: Full','Manage Patient Appointments Link'),('Privilege Level: Full','Manage patient attachments'),('Privilege Level: Full','Manage Patient Banner End Visit Button'),('Privilege Level: Full','Manage Patient Billing'),('Privilege Level: Full','Manage Patient Conditions'),('Privilege Level: Full','Manage Patient Immunization Orders'),('Privilege Level: Full','Manage Patient Investigation'),('Privilege Level: Full','Manage Patient Lab Orders'),('Privilege Level: Full','Manage Patient Medication'),('Privilege Level: Full','Manage Patient Notes'),('Privilege Level: Full','Manage patient orders'),('Privilege Level: Full','Manage Patient Program'),('Privilege Level: Full','Manage Patient Queues'),('Privilege Level: Full','Manage Patient Results'),('Privilege Level: Full','Manage Patient Summary'),('Privilege Level: Full','Manage Patient Test Summary'),('Privilege Level: Full','Manage Patient Visits'),('Privilege Level: Full','Manage Patient Vital'),('Privilege Level: Full','Manage Person Attribute Types'),('Privilege Level: Full','Manage Privileges'),('Privilege Level: Full','Manage Procedures'),('Privilege Level: Full','Manage Programs'),('Privilege Level: Full','Manage Provider Schedules'),('Privilege Level: Full','Manage Providers'),('Privilege Level: Full','Manage Radiology'),('Privilege Level: Full','Manage Relationship Types'),('Privilege Level: Full','Manage Relationships'),('Privilege Level: Full','Manage Report Definitions'),('Privilege Level: Full','Manage Report Designs'),('Privilege Level: Full','Manage Reports'),('Privilege Level: Full','Manage RESTWS'),('Privilege Level: Full','Manage Roles'),('Privilege Level: Full','Manage Rule Definitions'),('Privilege Level: Full','Manage Scheduled Report Tasks'),('Privilege Level: Full','Manage Scheduler'),('Privilege Level: Full','Manage Search Index'),('Privilege Level: Full','Manage Stock Management'),('Privilege Level: Full','Manage synonym group'),('Privilege Level: Full','Manage Synonym Groups'),('Privilege Level: Full','Manage TB Program'),('Privilege Level: Full','Manage Token Registrations'),('Privilege Level: Full','Manage Tokens'),('Privilege Level: Full','Manage Visit Attribute Types'),('Privilege Level: Full','Manage Visit Note'),('Privilege Level: Full','Manage Visit Types'),('Privilege Level: Full','Mark Dead Button'),('Privilege Level: Full','Next Service Point'),('Privilege Level: Full','Patient Dashboard - View Chart Search Section'),('Privilege Level: Full','Patient Dashboard - View Demographics Section'),('Privilege Level: Full','Patient Dashboard - View Encounters Section'),('Privilege Level: Full','Patient Dashboard - View Forms Section'),('Privilege Level: Full','Patient Dashboard - View Graphs Section'),('Privilege Level: Full','Patient Dashboard - View Overview Section'),('Privilege Level: Full','Patient Dashboard - View Patient Summary'),('Privilege Level: Full','Patient Dashboard - View Regimen Section'),('Privilege Level: Full','Patient Dashboard - View Visits Section'),('Privilege Level: Full','Patient Overview - View Allergies'),('Privilege Level: Full','Patient Overview - View Patient Actions'),('Privilege Level: Full','Patient Overview - View Patient Flags'),('Privilege Level: Full','Patient Overview - View Problem List'),('Privilege Level: Full','Patient Overview - View Programs'),('Privilege Level: Full','Patient Overview - View Relationships'),('Privilege Level: Full','Preview Forms'),('Privilege Level: Full','Print Appointments'),('Privilege Level: Full','Print: Patient Demographics'),('Privilege Level: Full','Provider Management - Admin'),('Privilege Level: Full','Provider Management API'),('Privilege Level: Full','Provider Management API - Read-only'),('Privilege Level: Full','Provider Management Dashboard - Edit Patients'),('Privilege Level: Full','Provider Management Dashboard - Edit Providers'),('Privilege Level: Full','Provider Management Dashboard - View Historical'),('Privilege Level: Full','Provider Management Dashboard - View Patients'),('Privilege Level: Full','Provider Management Dashboard - View Providers'),('Privilege Level: Full','Purge Cashier Bills'),('Privilege Level: Full','Purge Cashier Metadata'),('Privilege Level: Full','Purge Cashier Timesheets'),('Privilege Level: Full','Purge Field Types'),('Privilege Level: Full','Queue Patients'),('Privilege Level: Full','Refund Money'),('Privilege Level: Full','Remove Allergies'),('Privilege Level: Full','Remove Problems'),('Privilege Level: Full','Reprint Receipt'),('Privilege Level: Full','Request Appointments'),('Privilege Level: Full','Reset Appointment Status'),('Privilege Level: Full','Run Chart Search commands'),('Privilege Level: Full','Run Reports'),('Privilege Level: Full','Schedule Appointments'),('Privilege Level: Full','Search Patient'),('Privilege Level: Full','Share Metadata'),('Privilege Level: Full','SQL Level Access'),('Privilege Level: Full','Squeezing Appointments'),('Privilege Level: Full','Start Visit Button'),('Privilege Level: Full','Stop Visit Button'),('Privilege Level: Full','Test Flags'),('Privilege Level: Full','Update Appointment'),('Privilege Level: Full','Update Appointment Status'),('Privilege Level: Full','Update Facility Code'),('Privilege Level: Full','Update HL7 Inbound Archive'),('Privilege Level: Full','Update HL7 Inbound Exception'),('Privilege Level: Full','Update HL7 Inbound Queue'),('Privilege Level: Full','Update HL7 Source'),('Privilege Level: Full','Upload Batch of Identifiers'),('Privilege Level: Full','Upload XSN'),('Privilege Level: Full','Validate Objects'),('Privilege Level: Full','View Administration Functions'),('Privilege Level: Full','View Allergies'),('Privilege Level: Full','View Appointment Services'),('Privilege Level: Full','View Appointment Types'),('Privilege Level: Full','View Appointments'),('Privilege Level: Full','View Appointments Blocks'),('Privilege Level: Full','View Appointments Statistics'),('Privilege Level: Full','View attachments'),('Privilege Level: Full','View AverageWaitingTime'),('Privilege Level: Full','View Calculations'),('Privilege Level: Full','View Cashier Bills'),('Privilege Level: Full','View Cashier Metadata'),('Privilege Level: Full','View Cashier Timesheets'),('Privilege Level: Full','View Clinical Room Menu'),('Privilege Level: Full','View Clinical Views Divider'),('Privilege Level: Full','View Clinician Queuelist'),('Privilege Level: Full','View Cohorts In Cohort Module'),('Privilege Level: Full','View completedQueue'),('Privilege Level: Full','View Concept Classes'),('Privilege Level: Full','View Concept Datatypes'),('Privilege Level: Full','View Concept Map Types'),('Privilege Level: Full','View Concept Proposals'),('Privilege Level: Full','View Concept Reference Terms'),('Privilege Level: Full','View Concept Sources'),('Privilege Level: Full','View Concepts'),('Privilege Level: Full','View Data Entry Statistics'),('Privilege Level: Full','View Database Changes'),('Privilege Level: Full','View Dispensing Menu'),('Privilege Level: Full','View Encounter Roles'),('Privilege Level: Full','View Encounter Types'),('Privilege Level: Full','View Encounters'),('Privilege Level: Full','View FHIR Client'),('Privilege Level: Full','View Field Types'),('Privilege Level: Full','View Forms'),('Privilege Level: Full','View Global Properties'),('Privilege Level: Full','View HL7 Inbound Archive'),('Privilege Level: Full','View HL7 Inbound Exception'),('Privilege Level: Full','View HL7 Inbound Queue'),('Privilege Level: Full','View HL7 Source'),('Privilege Level: Full','View Identifier Types'),('Privilege Level: Full','View Location Attribute Types'),('Privilege Level: Full','View Locations'),('Privilege Level: Full','View Menu App'),('Privilege Level: Full','View Metadata Via Mapping'),('Privilege Level: Full','View Navigation Menu'),('Privilege Level: Full','View Observations'),('Privilege Level: Full','View Order Types'),('Privilege Level: Full','View Orders'),('Privilege Level: Full','View OrderTemplates'),('Privilege Level: Full','View Patient Appointment History'),('Privilege Level: Full','View Patient Cohorts'),('Privilege Level: Full','View Patient Identifiers'),('Privilege Level: Full','View Patient Programs'),('Privilege Level: Full','View Patient Summary'),('Privilege Level: Full','View PatientListTable'),('Privilege Level: Full','View Patients'),('Privilege Level: Full','View patientSummary'),('Privilege Level: Full','View People'),('Privilege Level: Full','View Person Attribute Types'),('Privilege Level: Full','View Privileges'),('Privilege Level: Full','View Problems'),('Privilege Level: Full','View Programs'),('Privilege Level: Full','View Provider Schedules'),('Privilege Level: Full','View Providers'),('Privilege Level: Full','View Reception Menu'),('Privilege Level: Full','View Reception Metrics'),('Privilege Level: Full','View Reception Queuelist'),('Privilege Level: Full','View Relationship Types'),('Privilege Level: Full','View Relationships'),('Privilege Level: Full','View Report Objects'),('Privilege Level: Full','View Reports'),('Privilege Level: Full','View RESTWS'),('Privilege Level: Full','View Roles'),('Privilege Level: Full','View Rule Definitions'),('Privilege Level: Full','View Serving'),('Privilege Level: Full','View Test Results'),('Privilege Level: Full','View Token Registrations'),('Privilege Level: Full','View Triage Menu'),('Privilege Level: Full','View Triage Metrics'),('Privilege Level: Full','View Triage Queuelist'),('Privilege Level: Full','View Unpublished Forms'),('Privilege Level: Full','View Upcoming Appointment'),('Privilege Level: Full','View Users'),('Privilege Level: Full','View verticalMenu'),('Privilege Level: Full','View Visit Attribute Types'),('Privilege Level: Full','View Visit Types'),('Privilege Level: Full','View Visits'),('Privilege Level: Full','View vitalsAndBiometrics'),('Privilege Level: Full','View workLoad'),('Privilege Level: Full','View XForms Menu'),('Privilege Level: High','Access Offline Tools'),('Privilege Level: High','Add Allergies'),('Privilege Level: High','Add Attachments'),('Privilege Level: High','Add Cohorts'),('Privilege Level: High','Add Concept Proposals'),('Privilege Level: High','Add Conditions'),('Privilege Level: High','Add Encounters'),('Privilege Level: High','Add HL7 Inbound Archive'),('Privilege Level: High','Add HL7 Inbound Exception'),('Privilege Level: High','Add HL7 Inbound Queue'),('Privilege Level: High','Add HL7 Source'),('Privilege Level: High','Add Immunizations'),('Privilege Level: High','Add Observations'),('Privilege Level: High','Add Orders'),('Privilege Level: High','Add Patient Button'),('Privilege Level: High','Add Patient Identifiers'),('Privilege Level: High','Add Patient Programs'),('Privilege Level: High','Add Patient To List Button'),('Privilege Level: High','Add Patients'),('Privilege Level: High','Add People'),('Privilege Level: High','Add Problems'),('Privilege Level: High','Add Relationships'),('Privilege Level: High','Add Users'),('Privilege Level: High','Add Visits'),('Privilege Level: High','Add Vitals and Biometrics'),('Privilege Level: High','Adjust Cashier Bills'),('Privilege Level: High','app:adt'),('Privilege Level: High','Appointments: Invite Providers'),('Privilege Level: High','Assign Beds'),('Privilege Level: High','Assign System Developer Role'),('Privilege Level: High','Cancel Visit Button'),('Privilege Level: High','Configure Visits'),('Privilege Level: High','Create Attachments'),('Privilege Level: High','Create Teleconsultation'),('Privilege Level: High','Dashboard : View HIE dasboard'),('Privilege Level: High','Delete Appointment'),('Privilege Level: High','Delete Cohorts'),('Privilege Level: High','Delete Concept Proposals'),('Privilege Level: High','Delete Conditions'),('Privilege Level: High','Delete Diagnoses'),('Privilege Level: High','Delete Encounters'),('Privilege Level: High','Delete HL7 Inbound Archive'),('Privilege Level: High','Delete HL7 Inbound Exception'),('Privilege Level: High','Delete HL7 Inbound Queue'),('Privilege Level: High','Delete Medication Dispense'),('Privilege Level: High','Delete Notes'),('Privilege Level: High','Delete Observations'),('Privilege Level: High','Delete Orders'),('Privilege Level: High','Delete Patient Identifiers'),('Privilege Level: High','Delete Patient Programs'),('Privilege Level: High','Delete Patients'),('Privilege Level: High','Delete People'),('Privilege Level: High','Delete Relationships'),('Privilege Level: High','Delete Report Objects'),('Privilege Level: High','Delete Reports'),('Privilege Level: High','Delete Users'),('Privilege Level: High','Delete Visits'),('Privilege Level: High','Edit Admission Locations'),('Privilege Level: High','Edit Allergies'),('Privilege Level: High','Edit Bed Tags'),('Privilege Level: High','Edit Bed Type'),('Privilege Level: High','Edit Beds'),('Privilege Level: High','Edit Cohorts'),('Privilege Level: High','Edit Cohorts In Cohort Module'),('Privilege Level: High','Edit Concept Proposals'),('Privilege Level: High','Edit Conditions'),('Privilege Level: High','Edit Diagnoses'),('Privilege Level: High','Edit Encounters'),('Privilege Level: High','Edit Medication Dispense'),('Privilege Level: High','Edit Notes'),('Privilege Level: High','Edit Observations'),('Privilege Level: High','Edit Orders'),('Privilege Level: High','Edit Patient Demographics'),('Privilege Level: High','Edit Patient Details Button'),('Privilege Level: High','Edit Patient Identifiers'),('Privilege Level: High','Edit Patient Programs'),('Privilege Level: High','Edit Patients'),('Privilege Level: High','Edit People'),('Privilege Level: High','Edit Problems'),('Privilege Level: High','Edit Relationships'),('Privilege Level: High','Edit Tags'),('Privilege Level: High','Edit User Passwords'),('Privilege Level: High','Edit Users'),('Privilege Level: High','Edit Visits'),('Privilege Level: High','Emr: View Legacy Interface'),('Privilege Level: High','Form Entry'),('Privilege Level: High','Generate Batch of Identifiers'),('Privilege Level: High','Get Admission Locations'),('Privilege Level: High','Get Allergies'),('Privilege Level: High','Get Bed Tags'),('Privilege Level: High','Get Bed Type'),('Privilege Level: High','Get Beds'),('Privilege Level: High','Get Care Settings'),('Privilege Level: High','Get Concept Attribute Types'),('Privilege Level: High','Get Concept Classes'),('Privilege Level: High','Get Concept Datatypes'),('Privilege Level: High','Get Concept Map Types'),('Privilege Level: High','Get Concept Proposals'),('Privilege Level: High','Get Concept Reference Terms'),('Privilege Level: High','Get Concept Sources'),('Privilege Level: High','Get Concepts'),('Privilege Level: High','Get Conditions'),('Privilege Level: High','Get Database Changes'),('Privilege Level: High','Get Diagnoses'),('Privilege Level: High','Get Diagnoses Attribute Types'),('Privilege Level: High','Get Encounter Roles'),('Privilege Level: High','Get Encounter Types'),('Privilege Level: High','Get Encounters'),('Privilege Level: High','Get Field Types'),('Privilege Level: High','Get Forms'),('Privilege Level: High','Get Global Properties'),('Privilege Level: High','Get HL7 Inbound Archive'),('Privilege Level: High','Get HL7 Inbound Exception'),('Privilege Level: High','Get HL7 Inbound Queue'),('Privilege Level: High','Get HL7 Source'),('Privilege Level: High','Get Identifier Types'),('Privilege Level: High','Get Location Attribute Types'),('Privilege Level: High','Get Locations'),('Privilege Level: High','Get Medication Dispense'),('Privilege Level: High','Get Notes'),('Privilege Level: High','Get Observations'),('Privilege Level: High','Get Order Frequencies'),('Privilege Level: High','Get Order Set Attribute Types'),('Privilege Level: High','Get Order Sets'),('Privilege Level: High','Get Order Types'),('Privilege Level: High','Get Orders'),('Privilege Level: High','Get Patient Cohorts'),('Privilege Level: High','Get Patient Identifiers'),('Privilege Level: High','Get Patient Programs'),('Privilege Level: High','Get Patients'),('Privilege Level: High','Get People'),('Privilege Level: High','Get Person Attribute Types'),('Privilege Level: High','Get Privileges'),('Privilege Level: High','Get Problems'),('Privilege Level: High','Get Programs'),('Privilege Level: High','Get Provider Attribute Types'),('Privilege Level: High','Get Providers'),('Privilege Level: High','Get Relationship Types'),('Privilege Level: High','Get Relationships'),('Privilege Level: High','Get Roles'),('Privilege Level: High','Get Tags'),('Privilege Level: High','Get Users'),('Privilege Level: High','Get Visit Attribute Types'),('Privilege Level: High','Get Visit Types'),('Privilege Level: High','Get Visits'),('Privilege Level: High','Manage Address Hierarchy'),('Privilege Level: High','Manage Address Templates'),('Privilege Level: High','Manage AI Button'),('Privilege Level: High','Manage Alerts'),('Privilege Level: High','Manage allergies'),('Privilege Level: High','Manage Appointment'),('Privilege Level: High','Manage Appointment Services'),('Privilege Level: High','Manage Appointment Specialities'),('Privilege Level: High','Manage Appointment Types'),('Privilege Level: High','Manage Appointments'),('Privilege Level: High','Manage Appointments Settings'),('Privilege Level: High','Manage Appointments Summary'),('Privilege Level: High','Manage Atlas Data'),('Privilege Level: High','Manage Auto Generation Options'),('Privilege Level: High','Manage Billing'),('Privilege Level: High','Manage Care Panel'),('Privilege Level: High','Manage Cashier Bills'),('Privilege Level: High','Manage Cashier Metadata'),('Privilege Level: High','Manage Cashier Timesheets'),('Privilege Level: High','Manage clinical dashboard'),('Privilege Level: High','Manage Clinical Forms'),('Privilege Level: High','Manage clinical views divider'),('Privilege Level: High','Manage Cohort Definitions'),('Privilege Level: High','Manage Cohorts In Cohort Module'),('Privilege Level: High','Manage Concept Attribute Types'),('Privilege Level: High','Manage Concept Classes'),('Privilege Level: High','Manage Concept Datatypes'),('Privilege Level: High','Manage Concept Map Types'),('Privilege Level: High','Manage Concept Name tags'),('Privilege Level: High','Manage Concept Reference Terms'),('Privilege Level: High','Manage Concept Sources'),('Privilege Level: High','Manage Concept Stop Words'),('Privilege Level: High','Manage Concepts'),('Privilege Level: High','Manage conditions'),('Privilege Level: High','Manage Data Set Definitions'),('Privilege Level: High','Manage Data Visualizer'),('Privilege Level: High','Manage Dimension Definitions'),('Privilege Level: High','Manage Dispensing'),('Privilege Level: High','Manage EID Program'),('Privilege Level: High','Manage Encounter Roles'),('Privilege Level: High','Manage Encounter Types'),('Privilege Level: High','Manage encounters'),('Privilege Level: High','Manage Field Types'),('Privilege Level: High','Manage Flags'),('Privilege Level: High','Manage FormEntry XSN'),('Privilege Level: High','Manage Forms'),('Privilege Level: High','Manage Global Properties'),('Privilege Level: High','Manage HIV Care and Treatment'),('Privilege Level: High','Manage HIV Prevention Services'),('Privilege Level: High','Manage HL7 Messages'),('Privilege Level: High','Manage Home Link'),('Privilege Level: High','Manage Identifier Sources'),('Privilege Level: High','Manage Identifier Types'),('Privilege Level: High','Manage Immunization Summary'),('Privilege Level: High','Manage Implementation Id'),('Privilege Level: High','Manage Indicator Definitions'),('Privilege Level: High','Manage Inpatient'),('Privilege Level: High','Manage IPD'),('Privilege Level: High','Manage Laboratory'),('Privilege Level: High','Manage Location Attribute Types'),('Privilege Level: High','Manage Location Tags'),('Privilege Level: High','Manage Locations'),('Privilege Level: High','Manage Metadata Mapping'),('Privilege Level: High','Manage Modules'),('Privilege Level: High','Manage OPD'),('Privilege Level: High','Manage Order Basket'),('Privilege Level: High','Manage Order Frequencies'),('Privilege Level: High','Manage Order Set Attribute Types'),('Privilege Level: High','Manage Order Sets'),('Privilege Level: High','Manage Order Types'),('Privilege Level: High','Manage OrderTemplates'),('Privilege Level: High','Manage OWA'),('Privilege Level: High','Manage Own Appointments'),('Privilege Level: High','Manage Patient Allergies'),('Privilege Level: High','Manage Patient Appointment'),('Privilege Level: High','Manage Patient Appointment Orders'),('Privilege Level: High','Manage patient appointments'),('Privilege Level: High','Manage Patient Appointments Link'),('Privilege Level: High','Manage patient attachments'),('Privilege Level: High','Manage Patient Banner End Visit Button'),('Privilege Level: High','Manage Patient Billing'),('Privilege Level: High','Manage Patient Conditions'),('Privilege Level: High','Manage Patient Immunization Orders'),('Privilege Level: High','Manage Patient Investigation'),('Privilege Level: High','Manage Patient Lab Orders'),('Privilege Level: High','Manage Patient Medication'),('Privilege Level: High','Manage Patient Notes'),('Privilege Level: High','Manage patient orders'),('Privilege Level: High','Manage Patient Program'),('Privilege Level: High','Manage Patient Queues'),('Privilege Level: High','Manage Patient Results'),('Privilege Level: High','Manage Patient Summary'),('Privilege Level: High','Manage Patient Test Summary'),('Privilege Level: High','Manage Patient Visits'),('Privilege Level: High','Manage Patient Vital'),('Privilege Level: High','Manage Person Attribute Types'),('Privilege Level: High','Manage Procedures'),('Privilege Level: High','Manage Programs'),('Privilege Level: High','Manage Provider Schedules'),('Privilege Level: High','Manage Providers'),('Privilege Level: High','Manage Radiology'),('Privilege Level: High','Manage Relationship Types'),('Privilege Level: High','Manage Relationships'),('Privilege Level: High','Manage Report Definitions'),('Privilege Level: High','Manage Report Designs'),('Privilege Level: High','Manage Reports'),('Privilege Level: High','Manage RESTWS'),('Privilege Level: High','Manage Roles'),('Privilege Level: High','Manage Rule Definitions'),('Privilege Level: High','Manage Scheduled Report Tasks'),('Privilege Level: High','Manage Scheduler'),('Privilege Level: High','Manage Search Index'),('Privilege Level: High','Manage Stock Management'),('Privilege Level: High','Manage synonym group'),('Privilege Level: High','Manage Synonym Groups'),('Privilege Level: High','Manage TB Program'),('Privilege Level: High','Manage Token Registrations'),('Privilege Level: High','Manage Tokens'),('Privilege Level: High','Manage Visit Attribute Types'),('Privilege Level: High','Manage Visit Note'),('Privilege Level: High','Manage Visit Types'),('Privilege Level: High','Mark Dead Button'),('Privilege Level: High','Next Service Point'),('Privilege Level: High','Patient Dashboard - View Chart Search Section'),('Privilege Level: High','Patient Dashboard - View Demographics Section'),('Privilege Level: High','Patient Dashboard - View Encounters Section'),('Privilege Level: High','Patient Dashboard - View Forms Section'),('Privilege Level: High','Patient Dashboard - View Graphs Section'),('Privilege Level: High','Patient Dashboard - View Overview Section'),('Privilege Level: High','Patient Dashboard - View Patient Summary'),('Privilege Level: High','Patient Dashboard - View Regimen Section'),('Privilege Level: High','Patient Dashboard - View Visits Section'),('Privilege Level: High','Patient Overview - View Allergies'),('Privilege Level: High','Patient Overview - View Patient Actions'),('Privilege Level: High','Patient Overview - View Patient Flags'),('Privilege Level: High','Patient Overview - View Problem List'),('Privilege Level: High','Patient Overview - View Programs'),('Privilege Level: High','Patient Overview - View Relationships'),('Privilege Level: High','Preview Forms'),('Privilege Level: High','Print Appointments'),('Privilege Level: High','Print: Patient Demographics'),('Privilege Level: High','Provider Management - Admin'),('Privilege Level: High','Provider Management API'),('Privilege Level: High','Provider Management API - Read-only'),('Privilege Level: High','Provider Management Dashboard - Edit Patients'),('Privilege Level: High','Provider Management Dashboard - Edit Providers'),('Privilege Level: High','Provider Management Dashboard - View Historical'),('Privilege Level: High','Provider Management Dashboard - View Patients'),('Privilege Level: High','Provider Management Dashboard - View Providers'),('Privilege Level: High','Purge Cashier Bills'),('Privilege Level: High','Purge Cashier Metadata'),('Privilege Level: High','Purge Cashier Timesheets'),('Privilege Level: High','Purge Field Types'),('Privilege Level: High','Queue Patients'),('Privilege Level: High','Refund Money'),('Privilege Level: High','Remove Allergies'),('Privilege Level: High','Remove Problems'),('Privilege Level: High','Reprint Receipt'),('Privilege Level: High','Request Appointments'),('Privilege Level: High','Reset Appointment Status'),('Privilege Level: High','Run Chart Search commands'),('Privilege Level: High','Run Reports'),('Privilege Level: High','Schedule Appointments'),('Privilege Level: High','Search Patient'),('Privilege Level: High','SQL Level Access'),('Privilege Level: High','Squeezing Appointments'),('Privilege Level: High','Start Visit Button'),('Privilege Level: High','Stop Visit Button'),('Privilege Level: High','Test Flags'),('Privilege Level: High','Update Appointment'),('Privilege Level: High','Update Appointment Status'),('Privilege Level: High','Update Facility Code'),('Privilege Level: High','Update HL7 Inbound Archive'),('Privilege Level: High','Update HL7 Inbound Exception'),('Privilege Level: High','Update HL7 Inbound Queue'),('Privilege Level: High','Update HL7 Source'),('Privilege Level: High','Upload Batch of Identifiers'),('Privilege Level: High','Upload XSN'),('Privilege Level: High','Validate Objects'),('Privilege Level: High','View Administration Functions'),('Privilege Level: High','View Allergies'),('Privilege Level: High','View Appointment Services'),('Privilege Level: High','View Appointment Types'),('Privilege Level: High','View Appointments'),('Privilege Level: High','View Appointments Blocks'),('Privilege Level: High','View Appointments Statistics'),('Privilege Level: High','View attachments'),('Privilege Level: High','View AverageWaitingTime'),('Privilege Level: High','View Calculations'),('Privilege Level: High','View Cashier Bills'),('Privilege Level: High','View Cashier Metadata'),('Privilege Level: High','View Cashier Timesheets'),('Privilege Level: High','View Clinical Room Menu'),('Privilege Level: High','View Clinical Views Divider'),('Privilege Level: High','View Clinician Queuelist'),('Privilege Level: High','View Cohorts In Cohort Module'),('Privilege Level: High','View completedQueue'),('Privilege Level: High','View Concept Classes'),('Privilege Level: High','View Concept Datatypes'),('Privilege Level: High','View Concept Map Types'),('Privilege Level: High','View Concept Proposals'),('Privilege Level: High','View Concept Reference Terms'),('Privilege Level: High','View Concept Sources'),('Privilege Level: High','View Concepts'),('Privilege Level: High','View Data Entry Statistics'),('Privilege Level: High','View Database Changes'),('Privilege Level: High','View Dispensing Menu'),('Privilege Level: High','View Encounter Roles'),('Privilege Level: High','View Encounter Types'),('Privilege Level: High','View Encounters'),('Privilege Level: High','View FHIR Client'),('Privilege Level: High','View Field Types'),('Privilege Level: High','View Forms'),('Privilege Level: High','View Global Properties'),('Privilege Level: High','View HL7 Inbound Archive'),('Privilege Level: High','View HL7 Inbound Exception'),('Privilege Level: High','View HL7 Inbound Queue'),('Privilege Level: High','View HL7 Source'),('Privilege Level: High','View Identifier Types'),('Privilege Level: High','View Location Attribute Types'),('Privilege Level: High','View Locations'),('Privilege Level: High','View Menu App'),('Privilege Level: High','View Metadata Via Mapping'),('Privilege Level: High','View Navigation Menu'),('Privilege Level: High','View Observations'),('Privilege Level: High','View Order Types'),('Privilege Level: High','View Orders'),('Privilege Level: High','View OrderTemplates'),('Privilege Level: High','View Patient Appointment History'),('Privilege Level: High','View Patient Cohorts'),('Privilege Level: High','View Patient Identifiers'),('Privilege Level: High','View Patient Programs'),('Privilege Level: High','View Patient Summary'),('Privilege Level: High','View PatientListTable'),('Privilege Level: High','View Patients'),('Privilege Level: High','View patientSummary'),('Privilege Level: High','View People'),('Privilege Level: High','View Person Attribute Types'),('Privilege Level: High','View Privileges'),('Privilege Level: High','View Problems'),('Privilege Level: High','View Programs'),('Privilege Level: High','View Provider Schedules'),('Privilege Level: High','View Providers'),('Privilege Level: High','View Reception Menu'),('Privilege Level: High','View Reception Metrics'),('Privilege Level: High','View Reception Queuelist'),('Privilege Level: High','View Relationship Types'),('Privilege Level: High','View Relationships'),('Privilege Level: High','View Report Objects'),('Privilege Level: High','View Reports'),('Privilege Level: High','View RESTWS'),('Privilege Level: High','View Roles'),('Privilege Level: High','View Rule Definitions'),('Privilege Level: High','View Serving'),('Privilege Level: High','View Test Results'),('Privilege Level: High','View Token Registrations'),('Privilege Level: High','View Triage Menu'),('Privilege Level: High','View Triage Metrics'),('Privilege Level: High','View Triage Queuelist'),('Privilege Level: High','View Unpublished Forms'),('Privilege Level: High','View Upcoming Appointment'),('Privilege Level: High','View Users'),('Privilege Level: High','View verticalMenu'),('Privilege Level: High','View Visit Attribute Types'),('Privilege Level: High','View Visit Types'),('Privilege Level: High','View Visits'),('Privilege Level: High','View vitalsAndBiometrics'),('Privilege Level: High','View workLoad'),('Privilege Level: High','View XForms Menu'),('Reception','Add Patient Button'),('Reception','Add Visits'),('Reception','App: checkin.button'),('Reception','App: checkin.workspace'),('Reception','App: datavisualiserui.downloaddata'),('Reception','App: fingerprint.addPatientFingerprint'),('Reception','App: fingerprint.fingerprintDetails'),('Reception','App: fingerprint.statistic'),('Reception','App: ugandaemrpoc.findPatient'),('Reception','Edit Patient Details Button'),('Reception','Manage Appointment Services'),('Reception','Manage Patient Appointments Link'),('Reception','Manage Patient Queues'),('Reception','Queue Patients'),('Reception','Search Patient'),('Reception','Stop Visit Button'),('Reception','View Appointment Services'),('Reception','View AverageWaitingTime'),('Reception','View PatientListTable'),('Reception','View Reception Menu'),('Reception','View Reception Metrics'),('Reception','View Reception Queuelist'),('Reception','View Serving'),('Reception','View Upcoming Appointment'),('SMC Data Manager','App: ugandaemrreports.SMCRegister'),('Stock Management Base Role','App: stockmanagement.dashboard'),('Stock Management Base Role','App: stockmanagement.stockItems'),('Stock Management Base Role','App: stockmanagement.stockoperations'),('Stock Management Base Role','App: stockmanagement.stockOperationType'),('Stock Management Base Role','App: stockmanagement.stockSources'),('Stock Management Base Role','Get Concepts'),('Stock Management Base Role','Get Locations'),('Stock Management Base Role','Get Providers'),('Stock Management Base Role','Get Roles'),('Stock Management Base Role','Get Users'),('Stock Management Base Role','Task: stockmanagement.party.read'),('TB Clinic','Access Offline Tools'),('TB Clinic','Add Allergies'),('TB Clinic','Add Attachments'),('TB Clinic','Add Conditions'),('TB Clinic','Add Visits'),('TB Clinic','App: ugandaemrpoc.tbclinic'),('TB Clinic','Edit Diagnoses'),('TB Clinic','Edit Notes'),('TB Clinic','Get Allergies'),('TB Clinic','Get conditions'),('TB Clinic','Get Forms'),('TB Clinic','Get Notes'),('TB Clinic','Manage Appointment'),('TB Clinic','Manage Appointment Services'),('TB Clinic','Manage Appointment Specialities'),('TB Clinic','Manage Appointment Types'),('TB Clinic','Manage Appointments'),('TB Clinic','Manage Appointments Settings'),('TB Clinic','Manage Appointments Summary'),('TB Clinic','Manage Care Panel'),('TB Clinic','Manage Clinical Forms'),('TB Clinic','Manage clinical views divider'),('TB Clinic','Manage Immunization Summary'),('TB Clinic','Manage OrderTemplates'),('TB Clinic','Manage Own Appointments'),('TB Clinic','Manage Patient Allergies'),('TB Clinic','Manage Patient Appointment'),('TB Clinic','Manage Patient Appointment Orders'),('TB Clinic','Manage Patient Conditions'),('TB Clinic','Manage Patient Immunization Orders'),('TB Clinic','Manage Patient Investigation'),('TB Clinic','Manage Patient Lab Orders'),('TB Clinic','Manage Patient Medication'),('TB Clinic','Manage Patient Notes'),('TB Clinic','Manage Patient Program'),('TB Clinic','Manage Patient Queues'),('TB Clinic','Manage Patient Results'),('TB Clinic','Manage Patient Summary'),('TB Clinic','Manage Patient Visits'),('TB Clinic','Manage Patient Vital'),('TB Clinic','Manage Programs'),('TB Clinic','Manage TB Program'),('TB Clinic','Mark Dead Button'),('TB Clinic','Next Service Point'),('TB Clinic','Request Appointments'),('TB Clinic','Reset Appointment Status'),('TB Clinic','Schedule Appointments'),('TB Clinic','Task: coreapps.markPatientDead'),('TB Clinic','Task: patientqueueing.completePatientQueue'),('TB Clinic','Task: patientqueueing.sendPatientToQueue'),('TB Clinic','Update Appointment'),('TB Clinic','Update Appointment Status'),('TB Clinic','View Allergies'),('TB Clinic','View Appointment Services'),('TB Clinic','View attachments'),('TB Clinic','View Clinical Views Divider'),('TB Clinic','View Clinician Queuelist'),('TB Clinic','View completedQueue'),('TB Clinic','View Patient Summary'),('TB Data Manager','App: ugandaemrreports.TBRegister'),('Triage','Add Vitals and Biometrics'),('Triage','Adjust Cashier Bills'),('Triage','App: checkin.workspace'),('Triage','App: patientQueue.triage.dashboard'),('Triage','App: ugandaemrpoc.triage'),('Triage','App: View Cashier App'),('Triage','Manage Cashier Bills'),('Triage','Manage Patient Appointments Link'),('Triage','Manage Patient Billing'),('Triage','Manage Patient Queues'),('Triage','Manage Patient Vital'),('Triage','Next Service Point'),('Triage','Purge Cashier Bills'),('Triage','Task: Adjust Cashier Bills'),('Triage','Task: Manage Cashier Metadata'),('Triage','Task: Manage Cashier Module'),('Triage','View AverageWaitingTime'),('Triage','View Cashier Bills'),('Triage','View Cashier Metadata'),('Triage','View completedQueue'),('Triage','View Serving'),('Triage','View Triage Menu'),('Triage','View Triage Metrics'),('Triage','View Triage Queuelist'),('Triage','View vitalsAndBiometrics'),('Triage','View workLoad');
/*!40000 ALTER TABLE `role_privilege` ENABLE KEYS */;
UNLOCK TABLES;

--
-- Table structure for table `role_role`
--

DROP TABLE IF EXISTS `role_role`;
/*!40101 SET @saved_cs_client     = @@character_set_client */;
/*!50503 SET character_set_client = utf8mb4 */;
CREATE TABLE `role_role` (
  `parent_role` varchar(50) NOT NULL DEFAULT '',
  `child_role` varchar(50) NOT NULL DEFAULT '',
  PRIMARY KEY (`parent_role`,`child_role`),
  KEY `inherited_role` (`child_role`),
  CONSTRAINT `inherited_role` FOREIGN KEY (`child_role`) REFERENCES `role` (`role`),
  CONSTRAINT `parent_role` FOREIGN KEY (`parent_role`) REFERENCES `role` (`role`)
) ENGINE=InnoDB DEFAULT CHARSET=utf8mb3;
/*!40101 SET character_set_client = @saved_cs_client */;

--
-- Dumping data for table `role_role`
--

LOCK TABLES `role_role` WRITE;
/*!40000 ALTER TABLE `role_role` DISABLE KEYS */;
INSERT INTO `role_role` VALUES ('Privilege Level: High','Application: Administers System'),('Privilege Level: High','Application: Configures Appointment Scheduling'),('Privilege Level: High','Application: Configures Forms'),('Privilege Level: High','Application: Configures Metadata'),('Privilege Level: High','Application: Edits Existing Encounters'),('Privilege Level: High','Application: Enters ADT Events'),('Privilege Level: High','Application: Enters Vitals'),('Privilege Level: High','Application: Has Super User Privileges'),('System Developer','Application: Has Super User Privileges'),('Privilege Level: High','Application: Manages Atlas'),('Privilege Level: High','Application: Manages Provider Schedules'),('Privilege Level: High','Application: Records Allergies'),('Privilege Level: High','Application: Registers Patients'),('Privilege Level: High','Application: Requests Appointments'),('Application: Schedules Appointments','Application: Schedules And Overbooks Appointments'),('Privilege Level: High','Application: Schedules And Overbooks Appointments'),('Application: Sees Appointment Schedule','Application: Schedules Appointments'),('Privilege Level: High','Application: Schedules Appointments'),('Privilege Level: High','Application: Sees Appointment Schedule'),('Privilege Level: High','Application: Uses Capture Vitals App'),('Privilege Level: High','Application: Uses Patient Summary'),('Privilege Level: High','Application: Writes Clinical Notes'),('Base Role','Base Clinical Role'),('Base Role','Base Reporting Data Manager'),('Base Role','Cashier'),('Base Role','Counselor'),('Base Role','Data Clerk'),('Base Reporting Data Manager','EID Data Manager'),('Base Reporting Data Manager','General Data Manager'),('EID Data Manager','General Data Manager'),('HIV Data Management','General Data Manager'),('HTS Data Manager','General Data Manager'),('MCH Data Manager','General Data Manager'),('OPD Data Manager','General Data Manager'),('SMC Data Manager','General Data Manager'),('TB Data Manager','General Data Manager'),('Base Role','HIV Clinic'),('Base Reporting Data Manager','HIV Data Management'),('Base Reporting Data Manager','HTS Data Manager'),('Inventory Manager','Inventory Administrator'),('Stock Management Base Role','Inventory Clerk'),('Inventory Provider Access','Inventory Dispensing'),('Stock Management Base Role','Inventory Manager'),('Stock Management Base Role','Inventory Reporting'),('Base Role','Lab Management Base Role'),('Laboratory Technician','Laboratory Administrator'),('Laboratory Receptionist','Laboratory Clinician'),('Lab Management Base Role','Laboratory Phlebotomist'),('Lab Management Base Role','Laboratory Receptionist'),('Lab Management Base Role','Laboratory Reporting'),('Lab Management Base Role','Laboratory Repository Manager'),('Lab Management Base Role','Laboratory Request Approver'),('Laboratory Reporting','Laboratory Results Approver'),('Laboratory Clinician','Laboratory Technician'),('Laboratory Phlebotomist','Laboratory Technician'),('Base Role','MCH Clinic'),('Base Reporting Data Manager','MCH Data Manager'),('Base Role','OPD Clinic'),('Base Reporting Data Manager','OPD Data Manager'),('Base Clinical Role','Organizational: Clinician'),('Base Role','Organizational: Clinician'),('Laboratory Clinician','Organizational: Clinician'),('Application: Enters ADT Events','Organizational: Doctor'),('Application: Records Allergies','Organizational: Doctor'),('Application: Uses Patient Summary','Organizational: Doctor'),('Application: Writes Clinical Notes','Organizational: Doctor'),('Base Role','Organizational: Laboratory'),('Laboratory Administrator','Organizational: Laboratory'),('Application: Enters ADT Events','Organizational: Nurse'),('Application: Enters Vitals','Organizational: Nurse'),('Application: Records Allergies','Organizational: Nurse'),('Application: Uses Capture Vitals App','Organizational: Nurse'),('Application: Uses Patient Summary','Organizational: Nurse'),('Application: Registers Patients','Organizational: Registration Clerk'),('Application: Administers System','Organizational: System Administrator'),('Application: Configures Forms','Organizational: System Administrator'),('Application: Configures Metadata','Organizational: System Administrator'),('Application: Manages Atlas','Organizational: System Administrator'),('Base Role','Organizational:Pharmacy'),('Base Role','Reception'),('Base Reporting Data Manager','SMC Data Manager'),('Base Role','TB Clinic'),('Base Reporting Data Manager','TB Data Manager'),('Base Role','Triage');
/*!40000 ALTER TABLE `role_role` ENABLE KEYS */;
UNLOCK TABLES;

--
-- Table structure for table `privilege`
--

DROP TABLE IF EXISTS `privilege`;
/*!40101 SET @saved_cs_client     = @@character_set_client */;
/*!50503 SET character_set_client = utf8mb4 */;
CREATE TABLE `privilege` (
  `privilege` varchar(255) NOT NULL,
  `description` text,
  `uuid` char(38) NOT NULL,
  PRIMARY KEY (`privilege`),
  UNIQUE KEY `uuid_privilege` (`uuid`)
) ENGINE=InnoDB DEFAULT CHARSET=utf8mb3;
/*!40101 SET character_set_client = @saved_cs_client */;

--
-- Dumping data for table `privilege`
--

LOCK TABLES `privilege` WRITE;
/*!40000 ALTER TABLE `privilege` DISABLE KEYS */;
INSERT INTO `privilege` VALUES ('Access Offline Tools','Access Offline Tools','bd85a79c-e34c-4314-a8ff-5f353ae9f598'),('Add Allergies','Add allergies','ca605a31-de8a-4e68-b027-dad31f5334f0'),('Add Attachments','Add Attachments','98b39aae-32f5-4f0a-802e-02fbc74ed3db'),('Add Cohorts','Able to add a cohort to the system','129a991e-440a-11e6-a65c-00e04c680037'),('Add Concept Proposals','Able to add concept proposals to the system','129a9a2f-440a-11e6-a65c-00e04c680037'),('Add Conditions','Add Conditions','4fd3d4ba-c2a4-4c46-acec-d242a3987cc5'),('Add Encounters','Able to add patient encounters','129a9a7a-440a-11e6-a65c-00e04c680037'),('Add HL7 Inbound Archive','Able to add an HL7 archive item','d73a9b2a-eb12-41f3-9837-50e92d684631'),('Add HL7 Inbound Exception','Able to add an HL7 error item','9191cf01-dddd-49e9-a23c-1af42629fee8'),('Add HL7 Inbound Queue','Able to add an HL7 Queue item','0fd8e147-54d0-45cb-bd3c-39a57f951a69'),('Add HL7 Source','Able to add an HL7 Source','5953079c-09f1-4b7a-9315-c84b3448671d'),('Add Immunizations','Ability to add immunization','b9e0e3b9-8982-4c69-86ed-677a4a566050'),('Add Observations','Able to add patient observations','129a9abd-440a-11e6-a65c-00e04c680037'),('Add Orders','Able to add orders','129a9af6-440a-11e6-a65c-00e04c680037'),('Add Patient Button','Add Patient Button','f0bfb426-9689-437f-844f-227f33054b36'),('Add Patient Identifiers','Able to add patient identifiers','129a9b30-440a-11e6-a65c-00e04c680037'),('Add Patient Programs','Able to add patients to programs','129a9b6f-440a-11e6-a65c-00e04c680037'),('Add Patient To List Button','Add Patient To List Button','9cff066d-5764-416f-a798-0c1c0975e7db'),('Add Patients','Able to add patients','129a9bab-440a-11e6-a65c-00e04c680037'),('Add People','Able to add person objects','129a9be1-440a-11e6-a65c-00e04c680037'),('Add Problems','Add problems','88c4f7c1-e062-44eb-b2ec-1d01f5c4c922'),('Add Relationships','Able to add relationships','129a9c0a-440a-11e6-a65c-00e04c680037'),('Add Report Objects','Able to add report objects','129a9c32-440a-11e6-a65c-00e04c680037'),('Add Reports','Able to add reports','129a9c58-440a-11e6-a65c-00e04c680037'),('Add Users','Able to add users to OpenMRS','129a9c7c-440a-11e6-a65c-00e04c680037'),('Add Visits','Able to add visits','c6fe41a5-0daf-4047-b579-5c06c136bb8a'),('Add Vitals and Biometrics','Add Vitals and Biometrics','79c75292-6a4d-4213-90d7-26e6b248590a'),('Adjust Cashier Bills','Able to adjust bills','b9560a59-f678-4271-a6a3-18d522d5617d'),('App: Access Cashier Tasks','Able to access cashier tasks page','bca89f65-cbd1-4002-aba1-c49ee767d3c1'),('App: adminui.configuremetadata','Able to access configure metadata app','a998088f-75d4-44fa-a0fa-16c5a81c44c3'),('App: appointmentschedulingui.appointmentTypes','Access to the Manage Service Types app','0db18b0a-fd2b-4f83-9e6f-081f61049cb7'),('App: appointmentschedulingui.home','Ability to view the appointment app on the home page','8920534c-f61e-4b88-92fb-72b9baa6cf9f'),('App: appointmentschedulingui.providerSchedules','Access to the Manage Provider Schedules app','b1bd8f3f-c5fd-415a-b202-7f9afc9ec58c'),('App: appointmentschedulingui.viewAppointments','Access to Manage Appointments and Daily Scheduled Appointments (but not the ability to book appointments from these pages)','6b36b400-6d58-4391-a645-1f3cca49f636'),('App: atlas.manage','Manage whether and how this implementation is displayed on the OpenMRS Atlas','068ababb-2e9a-42d7-80f4-ba236af056a5'),('App: attachments.attachments.page','Allowed to access the main attachments page','1a5a853c-99f7-4302-b62f-3a120ce35872'),('App: checkin.button','Access Checkin Button','25fbec7e-2478-11ee-be56-0242ac120002'),('App: checkin.workspace','Access to the checkin work space','25fbf110-2478-11ee-be56-0242ac120002'),('App: coreapps.activeVisits','Able to access the active visits app','cd4d42ec-43d8-40ed-adf4-8b4e8faba0bf'),('App: coreapps.configuremetadata','Able to access the Configure Metadata page','18819e00-57c8-4d3c-ae73-5f2a823a64db'),('App: coreapps.dataManagement','Able to access data management apps','34c68bad-18a2-4f23-9697-7828ce728740'),('App: coreapps.findPatient','Able to access the find patient app','6080334e-131f-4acb-9ef7-e5bea0906381'),('App: coreapps.mergePatient','Able to access the merge patient app','7f86cae4-4943-45f3-a259-2377fbf34907'),('App: coreapps.patientDashboard','Able to access the patient dashboard','5f24c089-04f6-41f4-a333-e5971c829eeb'),('App: coreapps.patientVisits','Able to access the patient visits screen','affc7727-e7ca-486d-b3f2-e4136d65919d'),('App: coreapps.summaryDashboard','Able to access summary dashboards','0672c039-81a5-41db-9ceb-4b0c2bfc8da7'),('App: coreapps.systemAdministration','Able to access the System Administration page','5504db15-2e57-4494-af6a-acf2eb4af37c'),('App: datavisualiserui.downloaddata','Allow user to download data visualiser data','cf0cb4bc-9c68-4785-897b-fdbc43cafc83'),('App: datavisualiserui.exportdata','Allow user to export data visualiser data','94a332d0-1d5f-4901-b7ef-14e8fd80ddef'),('App: datavisualiserui.home','Allow user to access the data visualiser app','5ce678f7-105a-42a0-8394-a646886d8e77'),('App: datavisualiserui.save','Allow user to save data visualiser item','38510f9d-0f28-4d4f-a643-8e206927f2dc'),('App: datavisualiserui.updatedata','Allow user to update data visualiser data','79d143ed-f4be-4331-b560-b021064b9f1d'),('App: fingerprint.add','Able to add Patient fingerprint','9c9d3fa6-10a9-11e8-b642-0ed5f89f718b'),('App: fingerprint.addPatientFingerprint','Privilege to allow adding patient fingerprint','6eb0cf64-d8b4-4ff9-8a6b-037b6468c696'),('App: fingerprint.configs','Privilege to allow adding changing fingerprint settings','8a27a36e-afb6-4c9d-82af-63325485a2d2'),('App: fingerprint.findPatient','Able to search patient fingerprint','9c9d4302-10a9-11e8-b642-0ed5f89f718b'),('App: fingerprint.fingerprintDetails','Privilege to allow access to the fingerprint details on the patients dashboard','4585ae16-4f1a-4df5-b1c5-221e716f8213'),('App: fingerprint.statistic','Privilege to allow access to fingerprint statistics','fc1a72d9-ea4a-445d-9392-2c21c25d9431'),('App: formentryapp.forms','Manages implementation-defined forms and attaches them to the UI','61de3fbe-7f03-4608-b65c-b881634ae83c'),('App: labmanagement.approvalconfigurations','Able to view lab approval configurations','6f75562e-35c8-11ef-9df0-00155d919f83'),('App: labmanagement.dashboard','Able to view lab management application dashboard','648c6d15-35c8-11ef-9df0-00155d919f83'),('App: labmanagement.reports','Able to view lab reports','c04aac47-35c8-11ef-9df0-00155d919f83'),('App: labmanagement.repository','Able to access sample repository','1b4c1810-707b-11ef-a8bb-00155d79962d'),('App: labmanagement.samples','Able to view lab samples','9490deb2-35c8-11ef-9df0-00155d919f83'),('App: labmanagement.storage','Able to view lab storage','4b765300-6f52-11ef-81e5-00155d503f06'),('App: labmanagement.testconfigurations','Able to view lab test configurations','79c1e259-35c8-11ef-9df0-00155d919f83'),('App: labmanagement.testrequests','Able to view lab tests requested','8539ed99-35c8-11ef-9df0-00155d919f83'),('App: labmanagement.testresults','Able to view lab test results','ad4063a2-35c8-11ef-9df0-00155d919f83'),('App: labmanagement.worksheets','Able to view lab worksheets','a3d58dab-35c8-11ef-9df0-00155d919f83'),('App: patientQueue.clinician.dashboard','Access to the clinician dashboard','71377b46-a026-4d14-8330-4907973c300d'),('App: patientQueue.triage.dashboard','Access to the triage dashboard','504d7087-3f39-4b95-8f1f-cd5db4c6b7ae'),('App: patientqueueing.providerDashboard','Able to access Provider Dashboard','dadeec04-6e88-43d1-9704-cacd1d313b22'),('App: referenceapplication.legacyAdmin','Able to access the advanced administration app','f4d8ed58-8ab6-4968-890c-6955af667054'),('App: referenceapplication.manageApps','Able to manage app definitions','0f7f72b8-51e5-49aa-a0a5-36e775e1a124'),('App: referenceapplication.manageExtensions','Able to manage extension definitions','77d69da9-8fee-41a3-9fe4-9cdc094d6236'),('App: referenceapplication.styleGuide','Able to access the style guide app','ee23fb87-dbfe-40a3-a620-5fc4b63c473e'),('App: referenceapplication.vitals','Able to access the vitals app','f426b38a-969c-4105-834f-f868d214bcf4'),('App: registrationapp.registerPatient','Able to access the register patient app','54ee5c93-655c-41a5-8fd5-9c08b1e4d1b1'),('App: stockmanagement.dashboard','Able to view stock management application dashboard','cc9b0e0c-ecaf-479d-9d7c-3071c0c1bff2'),('App: stockmanagement.reports','Able to view stock reports','27334ff0-698d-11ed-a1c5-806d973f13a9'),('App: stockmanagement.stockItems','Able to view stock items','ffeb0885-293e-433b-a279-8de6f98026b2'),('App: stockmanagement.stockoperations','Able to view stock operations','5d0d6f61-2188-11ed-9dff-507b9dea1806'),('App: stockmanagement.stockOperationType','Able to view stock operation types','5a421e1a-28ad-11ed-bdcb-507b9dea1806'),('App: stockmanagement.stockSources','Able to view stock sources','4fec772e-262a-11ed-a544-507b9dea1806'),('App: stockmanagement.userRoleScopes','Able to view stock management user role scope','a627c62a-efa1-4ac9-88e8-b816facfce0a'),('App: ugandaemr.artclinic','Access to the HIV clinic provider dashboard','4b926c88-5f1a-4a1b-80f1-ec43b9b6003e'),('App: ugandaemr.backup.backupDatabase','Access App to the Backup','96c5dbe1-2c73-4f95-9b37-b24277617f6d'),('App: ugandaemr.findPatient','find patient ugandaemr app privilege','a1392aef-fa65-4cdf-b661-a780da5466e0'),('App: ugandaemr.laboratory','Access to the laboratory dashboard','159531f7-c1f3-40c4-8476-5b80bd9a868d'),('App: ugandaemr.outpatient','Access to the OPD clinic provider dashboard','5768ba8d-d355-4e66-9a9c-ae411d86ce99'),('App: ugandaemr.pharmacy','Access to the Pharmacy dashboard','7961a345-954d-405d-b376-1734dcd3aa26'),('App: ugandaemr.report.cohortBuilder','Access Link to Manage cohort builder reports','515a0ce8-a4e5-4b7e-b210-3f64ad96302e'),('App: ugandaemr.reports','ugandaemr report access privillege','a803f29c-7d46-4dcc-9875-13309e4a4691'),('App: ugandaemr.spa','Access Spa','f165fc95-f2d6-48a6-b4ab-9a21bc286552'),('App: ugandaemr.tbclinic','Access to the TB Clinic provider dashboard','0dc1b8a4-2b14-4a92-a365-855afd2a44f2'),('App: ugandaemr.triage','Access to the triage provider dashboard','3fb79f0d-ad49-450a-9f55-ad360074d721'),('App: ugandaemr.widget.artStatus','Access ART Status on patient dashboard','76faf32f-8e77-493e-b290-7697b165bffb'),('App: ugandaemr.widget.dataIntegrityViolation','Access data integrity Violations on patient dashboard','e6280dd4-52b0-47f9-81f1-670774b5af8e'),('App: ugandaemr.widget.directionsToResidence','Access Directions to Residence on patient dashboard','56edc97f-5acd-4334-bfef-8883a6e8a04c'),('App: ugandaemr.widget.dsdmPatientHistory','For Widget that shows the patient history in DSDM Models','332fd951-ca78-4c85-97cb-f4146c69f823'),('App: ugandaemr.widget.eidSummary','Access eidSummary On Patient Dashboard','2dc27a93-a7d3-496e-b5ba-f8449ec90c12'),('App: ugandaemr.widget.lastARTVisitSummary','Access Last ART Visit Summary on patient dashborad','b1147517-c28d-4ad0-9f21-ef84e2e50414'),('App: ugandaemr.widget.mchSummary','Access MCH Summary on patient Dashboard','014fa1f5-7862-47d9-a977-a0b75bc33af9'),('App: ugandaemr.widget.nextAppointment','Access next appointment widgets','17a0465c-3b24-420b-9d4b-214e93a1d594'),('App: ugandaemr.widget.patientSummary','Access Patient Summary on patient dashboard','cffc1f04-5b67-4e16-9844-18d331a79809'),('App: ugandaemr.widget.regimenChangeList','Allow HIV Clinicians to view Regimen line change List','2b54b3f6-7a7a-4713-858b-74e2a8af6ec9'),('App: ugandaemr.widget.regimenLinesSummary','Allow HIV Clinicians to view Regimen line changes','2a54b3f6-7a7a-4713-858b-74e2a8af6ec9'),('App: ugandaemr.widget.tptStatus','Access tpt History on patient dashboard','348b278d-4050-4635-915d-3c2e13a0a6eb'),('App: ugandaemr.widget.viralLoadHistory','Access Viral load History on patient dashboard','4f8329f8-77ff-4a6f-a1a2-309c99f2224a'),('App: ugandaemrpoc.artclinic','Access to the HIV clinic provider dashboard','93e8e3ba-775d-4a05-b547-bf67ab0f42e8'),('App: ugandaemrpoc.counselingCenter','Access to the counseling center','b663fd6f-05fd-4553-be68-215464059977'),('App: ugandaemrpoc.findPatient','find patient ugandaemrpoc app privilege','c837c951-b7bb-456d-8f49-8d439c0e8822'),('App: ugandaemrpoc.laboratory','Access to the laboratory dashboard','0adadcd3-43b3-4cb6-9a81-39f7e6240846'),('App: ugandaemrpoc.mchclinic','Access to the mch provider dashboard','7949e7fa-0564-11ea-a69e-362b9e155667'),('App: ugandaemrpoc.outpatient','Access to the OPD clinic provider dashboard','27c729b9-1426-436b-8c37-976a29c6f28d'),('App: ugandaemrpoc.pharmacy','Access to the Pharmacy dashboard','ad63a284-795d-4523-a55c-019aa189b09f'),('App: ugandaemrpoc.tbclinic','Access to the TB Clinic provider dashboard','6a33b789-e78d-4cf1-881b-b00e8fe1af84'),('App: ugandaemrpoc.triage','Access to the triage provider dashboard','52b04846-410d-4b35-9d7f-8b3847b64681'),('App: ugandaemrreports.activePatientsInCare','lostToFollowUp report access privillege','253b62ec-9e84-4c57-8c20-4e59eecdf21a'),('App: ugandaemrreports.adherenceReport','Adherence Report access privillege','08786184-99db-404b-81c7-672efb65ca61'),('App: ugandaemrreports.ANCRegister','ANC Register access privillege','d038b5bc-4e37-49a9-8740-046f86ebaf23'),('App: ugandaemrreports.appointmentList','Appointment List report access privillege','c01a7898-90e3-422a-b5b3-6289fe86f002'),('App: ugandaemrreports.appointmentsList','Appointments List report access privillege','bda29fe7-36cd-49fa-b7d9-91ba416c7696'),('App: ugandaemrreports.ARTPatientExport','ART Patient Export report access privillege','8008e915-55d6-45a1-b30a-cfe3b01d6868'),('App: ugandaemrreports.ARTRegister','ART Register access privillege','f3685304-4687-4b4e-b62d-deae5b281516'),('App: ugandaemrreports.caseBasedSurveillanceEIDReport','CaseBased Surveillance EID report access privillege','775a2301-d471-4f7e-abf3-6e6a549d1f7a'),('App: ugandaemrreports.CBSAdultQuarterlyReport','CBS Adult Quarterly Report report access privillege','591a016e-1ab3-4d08-a751-7b03deb3be22'),('App: ugandaemrreports.DSDMStablityAssessmentReport','DSDM Stablity Assessment report access privillege','9b74978f-df4b-4103-8340-bc68c18d2327'),('App: ugandaemrreports.dueForViralLoad','dueForViralLoad report access privillege','be44831e-da7c-45ec-9833-5389fbcde48d'),('App: ugandaemrreports.EIDRegister','EID Register access privillege','00738276-8cdc-4414-bf72-3a4703bc03a9'),('App: ugandaemrreports.EWILostToFollowUp','EWI Lost ToFollow Up report access privillege','0f0d57bb-cc5b-408c-bb11-f8842be4c523'),('App: ugandaemrreports.exposedInfantDuefor1stPCR','Exposed Infant Due for 1st PCR report access privillege','470bdd27-19ab-4d34-b722-254125542832'),('App: ugandaemrreports.exposedInfantsDuefor1stPCR','Exposed Infants Due for 1st PCR report access privillege','4e5de915-e17f-46c1-bc21-9919f77a71ee'),('App: ugandaemrreports.exposedInfantsDuefor2ndPCR','Exposed Infants Due for 2nd PCR report access privillege','b3dda88c-ca2b-4a0d-a655-09370354f176'),('App: ugandaemrreports.exposedInfantsDuefor2ndPCRR','Exposed Infants Due for 2nd PCRR report access privillege','1ddae09a-0a93-4a77-b15b-200a17309d1d'),('App: ugandaemrreports.exposedInfantsDueforAppointment','Exposed Infants Due for Appointment report access privillege','941e27ce-c229-4b54-8e21-e8f77fe8045e'),('App: ugandaemrreports.exposedInfantsDueforRapidTest','Exposed Infants Due for Rapid Test report access privillege','109771b1-421b-43e1-8b65-8813ea043437'),('App: ugandaemrreports.facilityDeathList','Facility Death List report access privillege','733096dd-4700-47b1-94b1-a6d33c7d82cc'),('App: ugandaemrreports.familyConnectEMTCTModuleDataExport','Family Connect EMTCT Module Data Export report access privillege','a343762c-6f54-47ec-b634-fc339d10a2ca'),('App: ugandaemrreports.HCAReport','HCA  report access privillege','5eda465a-eeba-4f77-b1a9-2c136043b19f'),('App: ugandaemrreports.hCTCardDataExport','hCT Card Data Export report access privillege','14a09ff4-cf4a-462c-a3b7-b2520a21f041'),('App: ugandaemrreports.HMIS055-HCTRegister','HMIS 055-HCT Register access privillege','318eaf69-5446-4d9a-9985-5df24470c7bf'),('App: ugandaemrreports.HMIS105','HMIS105 report access privillege','81700cbf-bbeb-47c3-9187-21f1b4b34039'),('App: ugandaemrreports.HMIS106aSection1A','HMIS106a Section 1A report access privillege','1e30de94-2139-4fe5-857f-36a5dd25db81'),('App: ugandaemrreports.HMIS106aSection1B','HMIS106a Section 1B report access privillege','3c1c360d-d9e8-412a-8ea8-ba6540423710'),('App: ugandaemrreports.HMIS106aWithDSDMAggregations','HMIS 106a With DSDM Aggregations report access privillege','f0175a69-fcb0-483e-ba3e-ba590de14928'),('App: ugandaemrreports.HMIS177ViralLoadAddendumQuarterlyReport','HMIS177 Viral Load Addendum Quarterly Report report access privillege','98a55ed4-f13b-4b75-849f-c96148343a3f'),('App: ugandaemrreports.HTSClientCardDataExport','HTS Client Card Data Export report access privillege','b1ad6fea-7f4d-4a0d-946a-af991ab589f6'),('App: ugandaemrreports.lostClients','transferInList report access privillege','259264bc-8c7a-4069-b2f9-acb60c895af8'),('App: ugandaemrreports.lostToFollowUp','report access privillege','d4fb84a0-1e46-4081-b749-82cc939ae911'),('App: ugandaemrreports.maternityRegister','Maternity Register  access privillege','a71adf66-fce8-406e-b81c-e66e66d527f8'),('App: ugandaemrreports.MERHCTTSTFacilityReport','MER HCT TST Facility Report access privillege','664833af-60bd-4bf2-a64e-787ebdb54662'),('App: ugandaemrreports.MERHTSRECENTReport','MER HTS RECENT report access privillege','ffd54af4-ad53-4672-a2f2-887b9770e0e0'),('App: ugandaemrreports.MERPMTCTSTATReport','MER PMTCT STAT Report access privillege','57723a66-4496-4145-bad6-2e0fae7b732c'),('App: ugandaemrreports.MERTBARTReport','MER TB ART Report access privillege','3deda687-c028-4136-93eb-e0fdc442d7b4'),('App: ugandaemrreports.MERTBSTATReport','MER TB STAT Report access privillege','44bc7b72-3db5-4909-a29e-8537574abcc8'),('App: ugandaemrreports.MERTxCurrent_30DaysReport','MER Tx Current_30 Days report access privillege','d6f46ad5-6239-47ad-b160-fa5bb884df6a'),('App: ugandaemrreports.MERTxCurrent_90DaysReport','MER Tx Current_90 Days Report access privillege','d10832c1-1770-4464-b22e-c0c8e0a94892'),('App: ugandaemrreports.MERTxNewReport','MER Tx New Report access privillege','d158bf36-9568-492e-9d3a-dde674c44140'),('App: ugandaemrreports.MERTX_TB','MER TX_TB report access privillege','bdb6a64c-6244-41be-a981-f8024bd26584'),('App: ugandaemrreports.missedAppointmentList','Missed Appointment List report access privillege','e50ab067-358a-4daf-9b5e-1e01bdbaaccb'),('App: ugandaemrreports.missedAppointmentsList','Missed Appointments List report access privillege','bcb09563-5733-4833-b389-586522e9e909'),('App: ugandaemrreports.nonSuppressedViralLoad','nonSuppressedViralLoad report access privillege','003cff8a-8d6d-4861-9233-2c3705db52a8'),('App: ugandaemrreports.OPDRegister','OPDRegister report access privillege','f8c1b28b-9c1b-43b6-9958-9799bdc740a0'),('App: ugandaemrreports.optionBWeeklySMSReport','OptionB+ Weekly SMS  report access privillege','a7193e54-47d1-472a-8a81-81f111ae0c3f'),('App: ugandaemrreports.overdueforViralLoad','overdueforViralLoad report access privillege','252c48f8-0fe4-4aa7-8e44-275d71b01e79'),('App: ugandaemrreports.patientAppointmentBook','patientAppointmentBook report access privillege','0807e36c-63e3-409a-bc19-bcaf69e7c50b'),('App: ugandaemrreports.patientDSDMModelReport','patientDSDMModelReport report access privillege','bd61c706-1719-4def-aff0-51b179984d1e'),('App: ugandaemrreports.pillPickup','Pill Pickup report access privillege','d3a373e2-4440-4439-9e81-425689550ab6'),('App: ugandaemrreports.PNCRegister','PNC Register  access privillege','57618970-ce4f-416e-b849-b3a6636f9ab2'),('App: ugandaemrreports.pre-ARTRegister','Pre-ART Register  access privillege','a5cf8487-e0f3-4bdf-81c8-43f2ef630565'),('App: ugandaemrreports.recencyHTSClientCardDataExport','Recency HTS Client Card Data Export report access privillege','d50b696a-5cdf-40f7-9021-33380e63dc4f'),('App: ugandaemrreports.SMCRegister','SMCRegister report access privillege','a307f5b8-d171-4475-b171-820305e28b51'),('App: ugandaemrreports.TBRegister','TB Register access privillege','b2669bbf-9373-480d-b498-b678fb4a7a8b'),('App: ugandaemrreports.transferInList','report access privillege','d59e2a96-af6c-4bf8-9b88-68c00c2e48e9'),('App: ugandaemrreports.transferOutList','transferOutListreport access privillege','3a9d4ba5-4bc1-48e7-99c4-04369dc13da2'),('App: ugandaemrreports.UgandaEMRReports2014HMISTools','UgandaEMR Reports 2014 HMIS Tools report access privillege','ef0e24a2-b40b-425f-b514-4c929ebd7e9c'),('App: ugandaemrreports.UgandaEMRReports2019HMISTools','UgandaEMR Reports 2019 HMIS Tools report access privillege','b5e71c75-d0fa-4f42-9f37-1bdf9285d72e'),('App: ugandaemrreports.viralLoadSupression','Viral Load Supression report access privillege','9fb9c77a-e7c4-477a-9439-90556218c1d5'),('App: View Cashier App','Able to see the Cashier App Icon on the home page','3a64c882-f3fb-4e52-8b49-2d4c9c615129'),('app:adt','Admission Discharge Transfer app access privilege','5f8f9167-4001-11ee-8181-2a3773259ccd'),('Appointments: Invite Providers','With this privilege, providers can invite others to an appointment','5c8269a6-4001-11ee-8181-2a3773259ccd'),('Assign Beds','Able to assign bed to patient','5f94fbf8-4001-11ee-8181-2a3773259ccd'),('Assign System Developer Role','Able to assign System Developer role','df29939d-d3fd-47a5-b706-c1a3e1dea4da'),('Cancel Visit Button','Cancel Visit Button','2d3f695e-c45f-44bd-a08e-58af490760ba'),('Configure Visits','Able to choose encounter visit handler and enable/disable encounter visits','fa15cf48-ae39-49bd-b007-415e9607ec36'),('Create Attachments','Allowed to create attachments','550e8400-e29b-41d4-a716-446655440000'),('Create Teleconsultation','Able to create Teleconsultation Link in Teleconsultation module','d1530dde-47c9-11f0-bcbd-bf35c84f3004'),('Dashboard : View HIE dasboard','Allow user to view HIE dashboard','334932e3-6a8a-4883-873f-a01182019d23'),('Delete Appointment','Delete Appointment','5e9fa8f4-ac53-4427-bd17-ec969ce00eb3'),('Delete Cohorts','Able to add a cohort to the system','129a9ca2-440a-11e6-a65c-00e04c680037'),('Delete Concept Proposals','Able to delete concept proposals from the system','129a9cc7-440a-11e6-a65c-00e04c680037'),('Delete Conditions','Able to delete conditions','d148e1bf-e5cd-447c-8a3f-8ab66fb238eb'),('Delete Diagnoses','Able to delete diagnoses','a03f2e76-a253-4c4c-b427-c0c4f94ed6c5'),('Delete Encounters','Able to delete patient encounters','129a9cf2-440a-11e6-a65c-00e04c680037'),('Delete HL7 Inbound Archive','Able to delete/retire an HL7 archive item','ef7e9169-405b-455b-8c70-f935b8e04e6b'),('Delete HL7 Inbound Exception','Able to delete an HL7 archive item','1c5a4e99-91da-4a94-ac45-3fb1857bbd66'),('Delete HL7 Inbound Queue','Able to delete an HL7 Queue item','e2b5ce59-9b8f-4ca7-9394-7f55b4fce59e'),('Delete Medication Dispense','Able to delete Medication Dispenses','6db838b0-a8a4-4386-afbc-6f4a409ab21a'),('Delete Notes','Able to delete patient notes','6b46d674-2635-4747-8b9f-c57cc775092d'),('Delete Observations','Able to delete patient observations','129a9d18-440a-11e6-a65c-00e04c680037'),('Delete Orders','Able to delete orders','129a9d3c-440a-11e6-a65c-00e04c680037'),('Delete Patient Identifiers','Able to delete patient identifiers','129a9d62-440a-11e6-a65c-00e04c680037'),('Delete Patient Programs','Able to delete patients from programs','129a9d89-440a-11e6-a65c-00e04c680037'),('Delete Patients','Able to delete patients','129a9daf-440a-11e6-a65c-00e04c680037'),('Delete People','Able to delete objects','129a9dd5-440a-11e6-a65c-00e04c680037'),('Delete Relationships','Able to delete relationships','129a9dfa-440a-11e6-a65c-00e04c680037'),('Delete Report Objects','Able to delete report objects','129a9e21-440a-11e6-a65c-00e04c680037'),('Delete Reports','Able to delete reports','129a9e45-440a-11e6-a65c-00e04c680037'),('Delete Users','Able to delete users in OpenMRS','129a9e6a-440a-11e6-a65c-00e04c680037'),('Delete Visits','Able to delete visits','fdcc981a-5102-4294-b16b-4f9230d7aa17'),('Edit Admission Locations','Able to Edit admission locations','5f9a011d-4001-11ee-8181-2a3773259ccd'),('Edit Allergies','Able to edit allergies','3dba9a6c-3ff3-46da-acfc-18a3d3e281a2'),('Edit Bed Tags','Ability to edit bed tags','601fd85e-4001-11ee-8181-2a3773259ccd'),('Edit Bed Type','Ability to edit bed types','601b7ae5-4001-11ee-8181-2a3773259ccd'),('Edit Beds','Ability to edit bed details','601736ed-4001-11ee-8181-2a3773259ccd'),('Edit Cohorts','Able to add a cohort to the system','129a9e8f-440a-11e6-a65c-00e04c680037'),('Edit Cohorts In Cohort Module','Allows to edit Cohorts','a61f064f-5bea-49a6-94bc-8a68a5a49aaa'),('Edit Concept Proposals','Able to edit concept proposals in the system','129a9eb2-440a-11e6-a65c-00e04c680037'),('Edit conditions','Able to edit conditions','82e449fd-5126-4935-a5b3-259a3df034e4'),('Edit Diagnoses','Able to edit diagnoses','57f0e028-eba2-46df-8a15-ebeb71dbd823'),('Edit Encounters','Able to edit patient encounters','129a9ed8-440a-11e6-a65c-00e04c680037'),('Edit Medication Dispense','Able to edit Medication Dispenses','60b4585a-e97d-4a08-92e8-8a470a906ccb'),('Edit Notes','Able to edit patient notes','b6f26be0-f36e-4643-930f-ae8b7d7c53c3'),('Edit Observations','Able to edit patient observations','129a9efb-440a-11e6-a65c-00e04c680037'),('Edit Orders','Able to edit orders','129a9f1f-440a-11e6-a65c-00e04c680037'),('Edit Patient Demographics','Edit Patient Demographics','76754035-2e2f-42ea-9d0c-408b2e0257ed'),('Edit Patient Details Button','Edit Patient Details Button','3e63bb7d-91d9-4b89-992a-a585593ba1e6'),('Edit Patient Identifiers','Able to edit patient identifiers','129a9f43-440a-11e6-a65c-00e04c680037'),('Edit Patient Programs','Able to edit patients in programs','129a9f68-440a-11e6-a65c-00e04c680037'),('Edit Patients','Able to edit patients','129a9f8d-440a-11e6-a65c-00e04c680037'),('Edit People','Able to edit person objects','129a9fb2-440a-11e6-a65c-00e04c680037'),('Edit Problems','Able to edit problems','72725628-b493-4a50-8bd1-24dddfc2ea38'),('Edit Relationships','Able to edit relationships','129a9fd7-440a-11e6-a65c-00e04c680037'),('Edit Report Objects','Able to edit report objects','129a9ffa-440a-11e6-a65c-00e04c680037'),('Edit Reports','Able to edit reports','129aa01f-440a-11e6-a65c-00e04c680037'),('Edit Tags','Able to associate tags to the bed','daec1e74-1132-11ef-8d73-33e8f40e68de'),('Edit User Passwords','Able to change the passwords of users in OpenMRS','129aa044-440a-11e6-a65c-00e04c680037'),('Edit Users','Able to edit users in OpenMRS','129aa06c-440a-11e6-a65c-00e04c680037'),('Edit Visits','Able to edit visits','31889d58-cd72-4865-ac4a-fc17abeb0385'),('Emr: View Legacy Interface','testing','4d4cca38-e157-4f5f-8046-3308ed36c2a1'),('Form Entry','Allows user to access Form Entry pages/functions','129aa08f-440a-11e6-a65c-00e04c680037'),('Generate Batch of Identifiers','Allows user to generate a batch of identifiers to a file for offline use','67dae43e-beef-440d-adb8-1ab793348a45'),('Get Admission Locations','Able to view admission locations','5f976ab9-4001-11ee-8181-2a3773259ccd'),('Get Allergies','Able to get allergies','d05118c6-2490-4d78-a41a-390e3596a220'),('Get Bed Tags','Ability to view bed tags','601db866-4001-11ee-8181-2a3773259ccd'),('Get Bed Type','Ability to view bed types','60193384-4001-11ee-8181-2a3773259ccd'),('Get Beds','Able to view available beds','5f92af20-4001-11ee-8181-2a3773259ccd'),('Get Care Settings','Able to get Care Settings','3ec4b6b2-0b67-4d67-9ab7-8d71e2b69229'),('Get Concept Attribute Types','Able to get concept attribute types','f58fa3df-e4c5-4ba6-8dc8-ed89025685ab'),('Get Concept Classes','Able to get concept classes','d05118c6-2490-4d78-a41a-390e3596a238'),('Get Concept Datatypes','Able to get concept datatypes','d05118c6-2490-4d78-a41a-390e3596a237'),('Get Concept Map Types','Able to get concept map types','d05118c6-2490-4d78-a41a-390e3596a230'),('Get Concept Proposals','Able to get concept proposals to the system','d05118c6-2490-4d78-a41a-390e3596a250'),('Get Concept Reference Terms','Able to get concept reference terms','d05118c6-2490-4d78-a41a-390e3596a229'),('Get Concept Sources','Able to get concept sources','d05118c6-2490-4d78-a41a-390e3596a231'),('Get Concepts','Able to get concept entries','d05118c6-2490-4d78-a41a-390e3596a251'),('Get conditions','Able to get conditions','b4cf2a62-1e95-4e0f-a375-06191ab9785c'),('Get Database Changes','Able to get database changes from the admin screen','d05118c6-2490-4d78-a41a-390e3596a222'),('Get Diagnoses','Able to get diagnoses','932bc6a2-c09b-4119-90e3-82a70c334606'),('Get Diagnoses Attribute Types','Able to get diagnoses attribute types','2d42e074-1da5-4475-92e2-dc649ca60822'),('Get Encounter Roles','Able to get encounter roles','d05118c6-2490-4d78-a41a-390e3596a210'),('Get Encounter Types','Able to get encounter types','d05118c6-2490-4d78-a41a-390e3596a247'),('Get Encounters','Able to get patient encounters','d05118c6-2490-4d78-a41a-390e3596a248'),('Get Field Types','Able to get field types','d05118c6-2490-4d78-a41a-390e3596a234'),('Get Forms','Able to get forms','d05118c6-2490-4d78-a41a-390e3596a240'),('Get Global Properties','Able to get global properties on the administration screen','d05118c6-2490-4d78-a41a-390e3596a226'),('Get HL7 Inbound Archive','Able to get an HL7 archive item','d05118c6-2490-4d78-a41a-390e3596a217'),('Get HL7 Inbound Exception','Able to get an HL7 error item','d05118c6-2490-4d78-a41a-390e3596a216'),('Get HL7 Inbound Queue','Able to get an HL7 Queue item','d05118c6-2490-4d78-a41a-390e3596a218'),('Get HL7 Source','Able to get an HL7 Source','d05118c6-2490-4d78-a41a-390e3596a219'),('Get Identifier Types','Able to get patient identifier types','d05118c6-2490-4d78-a41a-390e3596a239'),('Get Location Attribute Types','Able to get location attribute types','d05118c6-2490-4d78-a41a-390e3596a212'),('Get Locations','Able to get locations','d05118c6-2490-4d78-a41a-390e3596a246'),('Get Medication Dispense','Able to get Medication Dispenses','d3e83858-99e9-4f9e-8ea0-42c1fdadb708'),('Get Notes','Able to get patient notes','06266b08-87d3-4a13-b152-e82bfd0a860e'),('Get Observations','Able to get patient observations','d05118c6-2490-4d78-a41a-390e3596a245'),('Get Order Frequencies','Able to get Order Frequencies','b452ae44-22ec-4cc3-a0f0-384789b37c12'),('Get Order Set Attribute Types','Able to get order set attribute types','9d4e341b-aac6-4598-acff-70b985cc4397'),('Get Order Sets','Able to get order sets','33be7233-a15b-43ea-9d69-f3e4cfaf4d41'),('Get Order Types','Able to get order types','d05118c6-2490-4d78-a41a-390e3596a233'),('Get Orders','Able to get orders','d05118c6-2490-4d78-a41a-390e3596a241'),('Get Patient Cohorts','Able to get patient cohorts','d05118c6-2490-4d78-a41a-390e3596a242'),('Get Patient Identifiers','Able to get patient identifiers','d05118c6-2490-4d78-a41a-390e3596a243'),('Get Patient Programs','Able to get which programs that patients are in','d05118c6-2490-4d78-a41a-390e3596a227'),('Get Patients','Able to get patients','d05118c6-2490-4d78-a41a-390e3596a244'),('Get People','Able to get person objects','d05118c6-2490-4d78-a41a-390e3596a224'),('Get Person Attribute Types','Able to get person attribute types','d05118c6-2490-4d78-a41a-390e3596a225'),('Get Privileges','Able to get user privileges','d05118c6-2490-4d78-a41a-390e3596a236'),('Get Problems','Able to get problems','d05118c6-2490-4d78-a41a-390e3596a221'),('Get Programs','Able to get patient programs','d05118c6-2490-4d78-a41a-390e3596a228'),('Get Provider Attribute Types','Able to get provider attribute types','8e3582fa-2f9b-464c-8fbc-a23a6bb1a12f'),('Get Providers','Able to get Providers','d05118c6-2490-4d78-a41a-390e3596a211'),('Get Relationship Types','Able to get relationship types','d05118c6-2490-4d78-a41a-390e3596a232'),('Get Relationships','Able to get relationships','d05118c6-2490-4d78-a41a-390e3596a223'),('Get Roles','Able to get user roles','d05118c6-2490-4d78-a41a-390e3596a235'),('Get Tags','Able to get the tags','dad09616-1132-11ef-8d73-33e8f40e68de'),('Get Users','Able to get users in OpenMRS','d05118c6-2490-4d78-a41a-390e3596a249'),('Get Visit Attribute Types','Able to get visit attribute types','d05118c6-2490-4d78-a41a-390e3596a213'),('Get Visit Types','Able to get visit types','d05118c6-2490-4d78-a41a-390e3596a215'),('Get Visits','Able to get visits','d05118c6-2490-4d78-a41a-390e3596a214'),('Manage Address Hierarchy','Allows user to access/modify the defined address hierarchy','eaef2a84-47b7-4232-bccb-db2ef723f679'),('Manage Address Templates','Able to add/edit/delete address templates','02ddc03c-c8b3-4a23-a8b3-0ad1696ceaad'),('Manage AI Button','Manage AI Button','a333c427-54c5-4c34-82ec-2c6e31c32ac1'),('Manage Alerts','Able to add/edit/delete user alerts','129aa0ca-440a-11e6-a65c-00e04c680037'),('Manage allergies',NULL,'e14f9560-ffe9-48f6-9f53-69c02b8c6fa9'),('Manage Appointment','Manage Appointment','b378ab69-1fd1-41db-ac79-27b7ce16f2c2'),('Manage Appointment Services','Able to manage Services in Appointments module','5c39cc8f-4001-11ee-8181-2a3773259ccd'),('Manage Appointment Specialities','Able to manage Specialities in Appointments module','5c3bf91d-4001-11ee-8181-2a3773259ccd'),('Manage Appointment Types','Ability to add/edit/purge appointment types','6e6c0cdc-aff1-4673-b317-f0cd1e141ec5'),('Manage Appointments','Able to manage Appointments in Appointments module','5c358729-4001-11ee-8181-2a3773259ccd'),('Manage Appointments Settings','Ability to manage the appointment scheduling module settings','278f8c4b-30fb-4bf3-824d-3d042d949c8d'),('Manage Appointments Summary','Manage Appointments Summary','721a53aa-5d73-4fdb-9f61-54f8f981b02b'),('Manage Atlas Data','Allows user to set/update/delete atlas data','3fd388c5-d552-4539-8205-eb9c847308d2'),('Manage Auto Generation Options','Allows user add, edit, and remove auto-generation options','eefc36ab-af03-406a-94b9-0300e1e807f6'),('Manage Billing','Allows the cashier to manage billing requests','bfe2218c-86db-49d0-93c7-6012c4953fee'),('Manage Care Panel','Manage Care Panel','b5c4560d-ab87-491d-b3f3-75d423c951d6'),('Manage Cashier Bills','Able to add/edit/delete bills','c93ebcb0-b9b1-4c9e-874d-1bec4b2f587b'),('Manage Cashier Metadata','Able to add/edit/delete cashier module metadata','44284fb0-f7cd-4d4f-81da-7dad6a085de4'),('Manage Cashier Timesheets','Able to add/edit/delete timesheets','66ada9ee-3d73-4db3-bf91-571665b90117'),('Manage clinical dashboard',NULL,'aaf2c623-be86-422e-a40f-61f326754041'),('Manage Clinical Forms','Manage Clinical Forms','da09a036-6d51-4f3c-a4f0-0758555f0f50'),('Manage clinical views divider',NULL,'4c6004bb-ad66-4dac-acb6-9bb71d46888b'),('Manage Cohort Definitions','Add/Edit/Remove Cohort Definitions','6898e1b1-90b6-4079-b2c4-d68bdc19b05f'),('Manage Cohorts In Cohort Module','Allows to manage Cohorts\' metadata','0b32e464-f9e1-42ef-802a-8c37b390f3d2'),('Manage Concept Attribute Types','Able to add/edit/retire concept attribute types','3d9a4c99-ac31-4150-b57a-35db60881008'),('Manage Concept Classes','Able to add/edit/retire concept classes','129aa10e-440a-11e6-a65c-00e04c680037'),('Manage Concept Datatypes','Able to add/edit/retire concept datatypes','129aa19d-440a-11e6-a65c-00e04c680037'),('Manage Concept Map Types','Able to add/edit/retire concept map types','69cb3944-e328-4155-b34a-b4e90068d341'),('Manage Concept Name tags','Able to add/edit/delete concept name tags','58e22b94-4d63-4b37-b05e-763d87cba490'),('Manage Concept Reference Terms','Able to add/edit/retire reference terms','4215be25-34e7-4427-b85b-e68ea4aef1a7'),('Manage Concept Sources','Able to add/edit/delete concept sources','129aa1f0-440a-11e6-a65c-00e04c680037'),('Manage Concept Stop Words','Able to view/add/remove the concept stop words','96e0c2c6-a387-4ef4-b6a0-9a6ca8e850f2'),('Manage Concepts','Able to add/edit/delete concept entries','129aa22e-440a-11e6-a65c-00e04c680037'),('Manage conditions',NULL,'afbf178e-d3d3-465d-9273-c480f1bcc03c'),('Manage Data Set Definitions','Add/Edit/Remove Data Set Definitions','094ead78-ae88-4c4d-9cbb-228bbab124b2'),('Manage Data Visualizer','Manage Data Visualizer','243f6d43-6cf9-4eb8-ae6d-f9b9179f66d7'),('Manage Dimension Definitions','Add/Edit/Remove Dimension Definitions','c2917c2a-008a-4db2-884c-1e0a889b66f4'),('Manage Dispensing','allows the user to manage dispensing','09f3313d-9c27-438c-a9fb-6b4cfb86410f'),('Manage EID Program','Manage EID Program','7494bc5c-44e8-4f45-bfa7-9b6e3f662fd0'),('Manage Encounter Roles','Able to add/edit/retire encounter roles','61307a3e-1429-4ae6-a85e-65c92eac7a73'),('Manage Encounter Types','Able to add/edit/delete encounter types','129aa27e-440a-11e6-a65c-00e04c680037'),('Manage encounters',NULL,'827b912c-4425-48fa-8876-9d63d3f7dea8'),('Manage Field Types','Able to add/edit/retire field types','129aa2ae-440a-11e6-a65c-00e04c680037'),('Manage Flags','Allows user add, edit, and remove flags','1ac27e84-b447-4743-842b-83dfc4663841'),('Manage FormEntry XSN','Allows user to upload and edit the xsns stored on the server','129aa2d2-440a-11e6-a65c-00e04c680037'),('Manage Forms','Able to add/edit/delete forms','129aa2f8-440a-11e6-a65c-00e04c680037'),('Manage Global Properties','Able to add/edit global properties','129aa31d-440a-11e6-a65c-00e04c680037'),('Manage HIV Care and Treatment','Manage HIV Care and Treatment','99d983ee-d18f-4eb7-9b64-0e48108c1149'),('Manage HIV Prevention Services',NULL,'23a95fcf-49b8-4c2e-bca1-55fe0700d1cd'),('Manage HL7 Messages','Able to add/edit/delete HL7 messages','a2d1789b-f032-4438-9db0-19af0fc57372'),('Manage Home Link','Manage Home Link','5ce74f4b-b537-4b3b-9e12-9228a3826390'),('Manage Identifier Sources','Allows user add, edit, and remove identifier sources','a4d6db4d-490d-4fb9-8f0c-35f520cd0617'),('Manage Identifier Types','Able to add/edit/delete patient identifier types','129aa343-440a-11e6-a65c-00e04c680037'),('Manage Immunization Summary','Manage Immunization Summary','1c9a3eb6-9e13-4a5e-9a30-c19731a1b956'),('Manage Implementation Id','Able to view/add/edit the implementation id for the system','eb3c8909-1f36-45b2-b4fd-c452c74072a5'),('Manage Indicator Definitions','Add/Edit/Remove Indicator Definitions','62a8debd-87a1-4fe7-8f14-bc22a8b087f3'),('Manage Inpatient','Manage Inpatient','dee43ce0-ef50-4693-8eda-6bef6ea34185'),('Manage IPD','Manage IPD','35aa70ac-995c-4415-9730-cf7ca08b00c1'),('Manage Laboratory','Manage Laboratory','040ec3b5-deed-48ff-af54-bf0f949bc856'),('Manage Location Attribute Types','Able to add/edit/retire location attribute types','ed3c3f96-6118-4073-8adb-9ef1b7485967'),('Manage Location Tags','Able to add/edit/delete location tags','6bb71fbb-b1c6-4530-8637-67cfc65aa27e'),('Manage Locations','Able to add/edit/delete locations','129aa367-440a-11e6-a65c-00e04c680037'),('Manage Metadata Mapping','Able to manage metadata mappings','c684ea4e-0b1b-4041-96a3-2c3faaa8febc'),('Manage Modules','Able to add/remove modules to the system','129aa38b-440a-11e6-a65c-00e04c680037'),('Manage OPD','Manage OPD','28126bed-7313-4938-9212-f0898fb58ed9'),('Manage Order Basket','Manage Order Basket','c7393a69-9d41-4f7d-b005-c8d71c851eef'),('Manage Order Frequencies','Able to add/edit/retire Order Frequencies','1cd30235-5c05-44fa-b892-9c54eb6907f8'),('Manage Order Set Attribute Types','Able to add/edit/retire order set attribute types','6644a8a8-3833-441e-908f-e3c6efd302f3'),('Manage Order Sets','Able to manage order sets','7df8ef60-c4ef-465b-b0bb-d3122572f285'),('Manage Order Types','Able to add/edit/retire order types','129aa3b1-440a-11e6-a65c-00e04c680037'),('Manage OrderTemplates','Base privilege for add/edit/delete order templates','c6d45a2e-b6fa-4c12-8f7d-7f568f2c2ec9'),('Manage OWA','Allows to configure OWA module, upload modules','f2ef4b72-c970-409c-8e3e-74d55b403ccd'),('Manage Own Appointments','With this privilege, providers can book/edit appointments only for themselves.','5c5d0a6d-4001-11ee-8181-2a3773259ccd'),('Manage Patient Allergies','Manage Patient Allergies','d15214a7-242d-4ac6-9150-a71c894131bc'),('Manage Patient Appointment','Manage Patient Appointment','e289ecf2-3950-46b8-a783-a7d9f2852329'),('Manage Patient Appointment Orders','Manage Patient Appointment Orders','2d675753-c388-461d-851f-6f12be3ec944'),('Manage patient appointments',NULL,'d74d019b-9221-4bec-9e12-504ff4024385'),('Manage Patient Appointments Link',NULL,'0752480b-c98d-4b5d-a323-351690069904'),('Manage patient attachments',NULL,'ca219c30-1681-4ab1-9e52-98007dd38834'),('Manage Patient Banner End Visit Button','Manage Patient Banner End Visit Button','8ec2ca2a-1283-4ea9-b471-ff09b477927c'),('Manage Patient Billing','Allows managing patient billing','bc7878fa-8771-4716-b2b4-4c25a201ce29'),('Manage Patient Conditions','Manage Patient Conditions','21ece63d-dbc0-4581-ae50-57c7c3f708d7'),('Manage Patient Immunization Orders','Manage Patient Immunization Orders','169a6cfa-0111-49bc-b69d-52c1a40ea031'),('Manage Patient Investigation','Manage Patient Investigation','ee344428-4728-4005-afc5-b5fe5bbe43b5'),('Manage Patient Lab Orders','Manage Patient Lab Orders','a82a5a04-fcd7-4d5e-aa67-5ece7c205a2c'),('Manage Patient Medication','Manage Patient Medication','1397335f-e047-49ce-8dcd-c1868076a9f1'),('Manage Patient Notes','Manage Patient Notes','6024a68e-1b68-437c-aad5-dd024d085bfa'),('Manage patient orders',NULL,'52e289e9-eecb-45eb-a70f-851c61f563af'),('Manage Patient Program','Manage Patient Program','64f2f8f0-bad9-435f-b712-7a20b4fff19a'),('Manage Patient Queues','Manage Patient Queues','4adb00a2-b0ba-46a8-a523-cbef160ab330'),('Manage Patient Results','Manage Patient Results','dfe1e311-4f35-47d6-921e-aa4395e4a29f'),('Manage Patient Summary','Manage Patient Summary','ed198398-a536-4f45-abba-ef631d94a90a'),('Manage Patient Test Summary','Manage Patient Test Summary','cf1743c6-a354-4d74-9254-2ee0dacce9ff'),('Manage Patient Visits','Manage Patient Visits','c70bcd43-62dd-438e-b6d7-9a508e3d0dd7'),('Manage Patient Vital','Manage Patient Vital','ceb15858-201c-45a4-816e-a946bad397c9'),('Manage Person Attribute Types','Able to add/edit/delete person attribute types','129aa3d4-440a-11e6-a65c-00e04c680037'),('Manage Privileges','Able to add/edit/delete privileges','129aa403-440a-11e6-a65c-00e04c680037'),('Manage Procedures','Allows the user to manage procedure orders','ce981491-76d8-4925-b8d8-089352538a34'),('Manage Programs','Able to add/view/delete patient programs','129aa428-440a-11e6-a65c-00e04c680037'),('Manage Provider Schedules','Ability to add/edit/purge appointment blocks','044e4990-9e28-4906-a807-430c76060105'),('Manage Providers','Able to edit Provider','5652e96c-1718-4f95-8985-89a149e24d3d'),('Manage Radiology','allows the user to Manage radiology','454f6e92-fab0-4c65-b8ee-3c1770409f6b'),('Manage Relationship Types','Able to add/edit/retire relationship types','129aa44c-440a-11e6-a65c-00e04c680037'),('Manage Relationships','Able to add/edit/delete relationships','129aa474-440a-11e6-a65c-00e04c680037'),('Manage Report Definitions','Add/Edit/Remove Report Definitions','04dd298c-e6fc-4778-94eb-1b78d69f9a64'),('Manage Report Designs','Add/Edit/Remove Report Designs','6bdf4dd1-101f-4b1a-b788-853e74692d90'),('Manage Reports','Base privilege for add/edit/delete reporting definitions. This gives access to the administrative menus, but you need to grant additional privileges to manage each specific type of reporting definition','6a5da668-7565-42a1-8d1f-10f1d84a23ce'),('Manage RESTWS','Allows to configure RESTWS module','a1329a4a-1af7-453a-86e4-fb2c3a653325'),('Manage Roles','Able to add/edit/delete user roles','129aa499-440a-11e6-a65c-00e04c680037'),('Manage Rule Definitions','Allows creation and editing of user-defined rules','e6ae0588-b5cc-4293-b1db-fd93dc7195ee'),('Manage Scheduled Report Tasks','Manage Task Scheduling in Reporting Module','4c46b311-36d5-4665-a643-59b4e01b655f'),('Manage Scheduler','Able to add/edit/remove scheduled tasks','129aa4bd-440a-11e6-a65c-00e04c680037'),('Manage Search Index','Able to manage the search index','aa9db46e-2310-4ed9-bfba-21aff36e5247'),('Manage Stock Management','allows the user to manage stock management','b24e5516-a839-4c5a-ab5b-bbd9e48c799a'),('Manage synonym group','Ability to manage synonym group','19183081-3eb5-4738-8945-e84802aaaf3a'),('Manage Synonym Groups','Ability to manage synonym groups','38a95ec4-2c5e-40a2-ab20-d5651f6b4935'),('Manage TB Program','Manage TB Program','f9119a4f-db09-47c9-9371-2fc7e0e75ba4'),('Manage Token Registrations','Allows to create/update/delete token registrations','7af9d88b-aeb0-4f5a-806a-2244a6b524ed'),('Manage Tokens','Allows registering and removal of tokens','25e5779a-dd62-4e64-b958-e5f5b3ebfc8a'),('Manage Visit Attribute Types','Able to add/edit/retire visit attribute types','b62faa38-42f1-4aed-aa3a-207e4e67383c'),('Manage Visit Note','Manage Visit Note','fb828c68-d3bd-4cef-8a3c-e51568e42842'),('Manage Visit Types','Able to add/edit/delete visit types','75ad24c1-a338-4978-8685-dfaf7257e1fc'),('Mark Dead Button','Mark Dead Button','b85b632d-af61-4d50-a083-2b8b1b782953'),('Next Service Point','Move Patient To Next Service Point Button','933de750-a2c3-43cb-b03d-5e510882d6c6'),('Patient Dashboard - View Chart Search Section','Ability view Chart Search Section in Patient Dashboard','aa9f32dd-b2da-4545-9d4f-799c79aaae60'),('Patient Dashboard - View Demographics Section','Able to view the \'Demographics\' tab on the patient dashboard','129aa4e2-440a-11e6-a65c-00e04c680037'),('Patient Dashboard - View Encounters Section','Able to view the \'Encounters\' tab on the patient dashboard','129aa50c-440a-11e6-a65c-00e04c680037'),('Patient Dashboard - View Forms Section','Allows user to view the Forms tab on the patient dashboard','129aa538-440a-11e6-a65c-00e04c680037'),('Patient Dashboard - View Graphs Section','Able to view the \'Graphs\' tab on the patient dashboard','129aa561-440a-11e6-a65c-00e04c680037'),('Patient Dashboard - View Overview Section','Able to view the \'Overview\' tab on the patient dashboard','129aa58b-440a-11e6-a65c-00e04c680037'),('Patient Dashboard - View Patient Summary','Able to view the \'Summary\' tab on the patient dashboard','129aa5b8-440a-11e6-a65c-00e04c680037'),('Patient Dashboard - View Regimen Section','Able to view the \'Regimen\' tab on the patient dashboard','129aa5e3-440a-11e6-a65c-00e04c680037'),('Patient Dashboard - View Visits Section','Able to view the \'Visits\' tab on the patient dashboard','811c6f3c-cd84-449a-b69e-231965988883'),('Patient Overview - View Allergies','Able to view the Allergies portlet on the patient overview tab','d05118c6-2490-4d78-a41a-390e3596a261'),('Patient Overview - View Patient Actions','Able to view the Patient Actions portlet on the patient overview tab','d05118c6-2490-4d78-a41a-390e3596a264'),('Patient Overview - View Patient Flags','Able to view the \'Patient Flags\' portlet on the patient dashboard\'s overview tab','3a31a926-44cb-4a77-a795-618007276d48'),('Patient Overview - View Problem List','Able to view the Problem List portlet on the patient overview tab','d05118c6-2490-4d78-a41a-390e3596a260'),('Patient Overview - View Programs','Able to view the Programs portlet on the patient overview tab','d05118c6-2490-4d78-a41a-390e3596a263'),('Patient Overview - View Relationships','Able to view the Relationships portlet on the patient overview tab','d05118c6-2490-4d78-a41a-390e3596a262'),('Preview Forms','Allows user to preview Form Entry pages from files. This should be restricted to trusted users only.','5e67e19a-2b0c-47e1-82bd-33cf70b3af7d'),('Print Appointments','Print Appointments','d6fd3b39-e146-4324-8248-a5c17b76b452'),('Print: Patient Demographics','All user to print patient demographics','2ba8074c-e88b-4531-878b-64e4f5b0210b'),('Provider Management - Admin','Allows access to admin pages of the provider management module','ed8c49f4-9ac4-4e98-a579-92691ece42c9'),('Provider Management API','Allows access to all provider management service and provider suggestion service API method','f1a7f6df-8f6e-4c5e-908d-6d0f8d6116c8'),('Provider Management API - Read-only','Allows access to all provider management service and provider suggestion service API methods that are read-only','327de287-9d5f-4ac4-9de7-a6b30dc8f264'),('Provider Management Dashboard - Edit Patients','Allows access to editing patient information on the provider management dashboard','4e574e04-904a-4f8a-96d9-8f18537e441a'),('Provider Management Dashboard - Edit Providers','Allows access to editing provider information on the provider management dashboard','b869b746-d9c6-4a7e-b781-abe6629c2b7a'),('Provider Management Dashboard - View Historical','Allows access to viewing historical patient (if user has view patients right) and supervisee information on the provider management dashboard','38c7b783-e123-44fe-a91a-dc69aab089f9'),('Provider Management Dashboard - View Patients','Allows access to viewing patient information on the provider management dashboard','33782acc-94fa-4f3d-a890-18c7dd1389ce'),('Provider Management Dashboard - View Providers','Allows access to viewing provider information on the provider management dashboard','62bb2f7f-ed3c-44cb-b21e-b010828ff623'),('Purge Cashier Bills','Able to purge bills','5555cb91-27a5-4851-bf07-350b28951175'),('Purge Cashier Metadata','Able to purge cashier module metadata','e0761519-4184-45d1-9680-e6bf00aec9b9'),('Purge Cashier Timesheets','Able to purge timesheets','04a7a348-dc86-44c2-aa8f-a363ce4a4534'),('Purge Field Types','Able to purge field types','129aa612-440a-11e6-a65c-00e04c680037'),('Queue Patients','Allow user to queue patients','8eced5b8-91da-41b7-8d19-8619beac84aa'),('Refund Money','Able to create/adjust a bill so that it refunds money.','914e4e85-9ea0-475a-a2cb-974e8c1d3004'),('Remove Allergies','Remove allergies','27cb9394-d387-4d7f-81e3-297debcd31f4'),('Remove Problems','Remove problems','b6f4d61f-fe31-48ac-9cb4-bae94f459053'),('Reprint Receipt','Able to print bill receipts more than once.','f905752e-9b38-4049-aa58-c486e143f338'),('Request Appointments','Ability to request new appointments','5aff042a-84d8-4957-92c3-a634d629991a'),('Reset Appointment Status','With this privilege, users can reset appointments from any status to scheduled.','5c5fd9e6-4001-11ee-8181-2a3773259ccd'),('Run Chart Search commands','Ability to run Solr commands','e1d5233a-a89e-4fd5-a6ff-3209c027262a'),('Run Reports','Schedule the running of a report','c3b653cf-8003-4e1f-af32-8128b7481b19'),('Schedule Appointments','Ability to schedule new appointments','295da3fe-4900-4af5-ba13-bc4a8dad6dcb'),('Search Patient','Search Patient','4ca5e82b-7b21-4623-9e74-83b868982355'),('Share Metadata','Allows user to export and import metadata','694b5e39-796f-4b65-b81f-78f45a7e3e46'),('SQL Level Access','Access to SQL Querying','56439786-4d5e-494e-b507-e9d802a6b5a0'),('Squeezing Appointments','Ability to override the constraints and schedule appointments into full slots','46be16ce-1685-4da1-b7ef-92cd2ba44814'),('Start Visit Button','Start Visit Button','9c38dbf0-5d2b-400d-b69e-79b13d860191'),('Stop Visit Button','Stop Visit Button','bfd92414-e113-4ac3-8489-03138c183188'),('Task: Adjust Cashier Bills','Able to adjust cashier bills','06aa4d8e-26c8-47d4-9c6f-1636b42dc914'),('Task: appointmentschedulingui.bookAppointments','Ability book appointments, cancel appointments, and flag appointments as needs reschedule; Access to the Manage Rescheduled app','17386a70-7f67-42fb-a3c6-41847f6fbee3'),('Task: appointmentschedulingui.overbookAppointments','Ability to overbook time slots','7aa2afb0-44c7-493a-b085-4a494cc898d9'),('Task: appointmentschedulingui.requestAppointments','Ability to request an appointment for a patient','23285d6d-a5ef-4dc1-956e-c41f4bddf764'),('Task: appointmentschedulingui.viewConfidential','Ability to see details of confidential appointments (you also need View Appointments privileges)','6ce3bb14-6683-4dc3-a6fa-5cddf2828df1'),('Task: Cashier Timesheets','Able to access timesheets page','d3962bfd-3bda-4a12-8dd9-be220957de94'),('Task: coreapps.createRetrospectiveVisit','Able to create a retrospective visit','8437c737-240c-4c75-ac65-815632dab52c'),('Task: coreapps.createVisit','Able to create a visit','034e2a04-469c-4e63-a235-4af4e6d1fc56'),('Task: coreapps.deletePatient','Able to delete a patient','ecf9d93c-67e4-441e-a3da-d457dd8ac23d'),('Task: coreapps.deletePatientProgram','Ability to delete a patient program via the program status widget','d850bac8-146b-473c-aed7-0882c8feb106'),('Task: coreapps.editPatientProgram','Ability to edit a patient program via the program status widget','c6ef1734-b16f-4483-b950-d6365608d250'),('Task: coreapps.editRelationships','Able to edit relationships','5222e6c8-8b90-4c7f-9a8d-31cadf531f74'),('Task: coreapps.endVisit','Able to end visit','b3e3e79b-7848-41d6-80a2-0094b58ae725'),('Task: coreapps.enrollInProgram','Ability to enroll a patient in a program via the program status widget','4b9f1d94-058a-4f64-986c-d9074127af44'),('Task: coreapps.markPatientDead','Ability to Mark a patient dead/deceased.','205ebb45-79db-4bf5-a080-bac2421b5cb0'),('Task: coreapps.mergeVisits','Able to merge visits','975587fd-fd6a-41fd-a464-9b6b50815d25'),('Task: Create new bill','Able to access bill page','20d1ecaf-d9a7-4860-bf6e-189ab9e58955'),('Task: dispensing.create.dispense','Allows user to Dispense Medication','2a3045a7-8ba0-417a-96be-24ddb79f6904'),('Task: dispensing.create.dispense.allowSubstitutions','Allow modification of drug quantity','0b004630-4794-499d-a3aa-f9e35c90b228'),('Task: dispensing.create.dispense.andModifyDetails','Allows user to modify the Quantity, Drug, Formulation and Dose Instructions (from the values specified in the Order / Medication Request) when Dispensing','f7bdafc8-6e13-4fa7-8d62-0421ab5a404e'),('Task: dispensing.delete.dispense','Allows user to delete an existing Medication Dispense','67332dff-075c-46e1-983e-29d1eac87e5d'),('Task: dispensing.delete.dispense.ifCreator','Allows user to delete an existing Medication Dispense, but only if they created it originally','b5dee457-8c79-4ce3-bac2-04cbfc191d36'),('Task: dispensing.edit.dispense','Allows user to edit an existing Medication Dispense','74d95070-8586-4c73-bba9-3538a537493e'),('Task: emr.patient.encounter.delete','Able to delete patient encounters','13d87cb7-0f31-4524-acd4-3cf5115ba34e'),('Task: emr.patient.encounter.edit','Able to edit patient encounters','d6b47e75-fca9-46c0-8b73-169d4d626230'),('Task: HIV Clinic Access','Able to access HIV patient clinic information','7e0465e4-2119-11e8-b467-0ed5f89f718b'),('Task: labmanagement.approvalconfigurations.mutate','Able to create and update lab approval configurations','74d8ca29-35c8-11ef-9df0-00155d919f83'),('Task: labmanagement.reports.mutate','Able to create lab reports','c5464fbf-35c8-11ef-9df0-00155d919f83'),('Task: labmanagement.repository.mutate','Able to manage sample repository','14289fe5-707b-11ef-a8bb-00155d79962d'),('Task: labmanagement.samples.collect','Able to collect lab samples','9956be6d-35c8-11ef-9df0-00155d919f83'),('Task: labmanagement.samples.mutate','Able to create, update and reuse lab samples','9e00a163-35c8-11ef-9df0-00155d919f83'),('Task: labmanagement.storage.mutate','Able to create and update lab storage','529e083b-6f52-11ef-81e5-00155d503f06'),('Task: labmanagement.testconfigurations.mutate','Able to create and update lab test configurations','7fd18f21-35c8-11ef-9df0-00155d919f83'),('Task: labmanagement.testrequests.approve','Able to approve lab test requests','8f6cf6ac-35c8-11ef-9df0-00155d919f83'),('Task: labmanagement.testrequests.mutate','Able to create and update lab test requests','8a2598ee-35c8-11ef-9df0-00155d919f83'),('Task: labmanagement.testresults.approve','Able to approve lab test results','b887639b-35c8-11ef-9df0-00155d919f83'),('Task: labmanagement.testresults.mutate','Able to create and update lab test results','b1c82945-35c8-11ef-9df0-00155d919f83'),('Task: labmanagement.worksheets.mutate','Able to create and update lab worksheets','a8cd8e78-35c8-11ef-9df0-00155d919f83'),('Task: Manage Cashier Metadata','Able to add/edit/delete cashier module metadata','9f143435-d163-40ab-8a73-800dcb505f1b'),('Task: Manage Cashier Module','Able to access the management page','b78314a0-1730-45e4-9e54-73675d9a928b'),('Task: Manage Condition Lists','Able to activate/inactivate/void condition lists.','e03dce76-3a4f-48c6-b04a-fea2355fd863'),('Task: Modify Allergies','Able to record allergies','b436b9d1-ff6d-4ad4-8511-7f1de4303173'),('Task: patientqueueing.completePatientQueue','Able to complete a patient queue','a8b9eb25-9bb0-4bbf-a97a-cb04aa1641d9'),('Task: patientqueueing.pickPatientQueue','Ability to pick PatientQueue','6eb2efd0-31d4-11ee-be56-0242ac120002'),('Task: patientqueueing.sendPatientToQueue','Ability to send Patient To Queue','c8e9aea2-eeff-453c-a0aa-e691120413d0'),('Task: referenceapplication.simpleAdmission','Able to admit patients','afb6a5e7-d3f1-41f9-a342-771f7aaf38de'),('Task: referenceapplication.simpleDischarge','Able to discharge patients','d2164327-5111-4727-8cb2-812a1e013ec5'),('Task: referenceapplication.simpleTransfer','Able to transfer patients','1ab77915-f6f4-48d4-bea4-0555999338cd'),('Task: referenceapplication.simpleVisitNote','Able to write clinical notes','da778e1c-3912-4c80-86d9-28e8e7be2637'),('Task: referenceapplication.vitals','Able to enter vitals','4a3241bc-ecd9-43b9-b935-88394e0af5d2'),('Task: stockmanagement.party.read','Able to read party information','55670834-28ad-11ed-bdcb-507b9dea1806'),('Task: stockmanagement.reports.mutate','Able to create stock reports','8f0cecbb-6b11-11ed-93a2-806d973f13a9'),('Task: stockmanagement.stockItems.dispense','Able to dispense stock items','6292e17d-4694-11ed-8109-00155dcc3fc0'),('Task: stockmanagement.stockItems.dispense.qty','Able to view stock item quantities at dispensing locations','83871f7a-467e-11ed-8109-00155dcc3fc0'),('Task: stockmanagement.stockItems.mutate','Able to create and update  stock items','4a61b6db-03dd-43f2-969c-17dfa66ad41e'),('Task: stockmanagement.stockoperations.approve','Able to aprove stock operations','7aef02ad-2189-11ed-9dff-507b9dea1806'),('Task: stockmanagement.stockoperations.mutate','Able to create and update stock operations','63b8815f-2188-11ed-9dff-507b9dea1806'),('Task: stockmanagement.stockoperations.receiveitems','Able to receive dispatched stock items','fd391f90-3335-11ed-a667-507b9dea1806'),('Task: stockmanagement.stockSources.mutate','Able to create and update stock sources','557acdab-262a-11ed-a544-507b9dea1806'),('Task: stockmanagement.userRoleScopes.mutate','Able to create and update user role scopes','cc5a7ba4-ee34-4c2f-98c7-ae65cacf0094'),('Task: View Cashier Reports','Able to view the cashier reports','41cb39b5-59bb-406b-9333-5ef58c51927e'),('Test Flags','Allows the user to test a flag, or set of flags, against a Patient set','9295b7f7-f21d-4762-9765-1a79d1110dcc'),('Update Appointment','Update Appointment','f86bc05d-aed5-4801-83bd-415ad311b9df'),('Update Appointment Status','Ability to modify appointment states','dd32d315-ba5c-4ab8-8bed-a490dc24cbc6'),('Update Facility Code','Access to the checkin work space','4bf067e2-55fc-11ee-8c99-0242ac120002'),('Update HL7 Inbound Archive','Able to update an HL7 archive item','e85bf2ff-319c-41a7-833f-4a3a51eb9cdf'),('Update HL7 Inbound Exception','Able to update an HL7 archive item','1f1ca308-60f3-4533-834c-15ee6d9d59a2'),('Update HL7 Inbound Queue','Able to update an HL7 Queue item','5ec6d080-c576-48c2-b289-b46b1266d4ec'),('Update HL7 Source','Able to update an HL7 Source','674c571b-dc22-4950-a2ad-276f867ed9d9'),('Upload Batch of Identifiers','Allows user to upload a batch of identifiers','ae75d98d-1077-4fbd-9ecc-1d5cd5458f90'),('Upload XSN','Allows user to upload/overwrite the XSNs defined for forms','129aa63c-440a-11e6-a65c-00e04c680037'),('Validate Objects','Allows to validate data and metadata','2e7f6ee7-f154-4678-ae83-c9a2ea0b4ad1'),('View Administration Functions','Able to view the \'Administration\' link in the navigation bar','129aa661-440a-11e6-a65c-00e04c680037'),('View Allergies','Able to view allergies in OpenMRS','129aa68c-440a-11e6-a65c-00e04c680037'),('View Appointment Services','Able to view Services in Appointments module','5c37a4d3-4001-11ee-8181-2a3773259ccd'),('View Appointment Types','Ability to view appointment types','6799b364-8c80-486a-a6fa-a567e5f6556e'),('View Appointments','Access to the checkin work space','9740537a-31d4-11ee-be56-0242ac120002'),('View Appointments Blocks','Ability to view the appointment blocks','04e9f633-e39c-4b71-b21e-6cc9eba98a63'),('View Appointments Statistics','Ability to view the appointments statistics page','e5bab4c1-799a-4d9f-9352-1b6132798973'),('View attachments','Access to the checkin work space','97405adc-31d4-11ee-be56-0242ac120002'),('View AverageWaitingTime','Access to the checkin work space','97404858-31d4-11ee-be56-0242ac120002'),('View Calculations','Allows to view Calculations','7960b159-9e0d-4e19-836d-369bb20ad5c4'),('View Cashier Bills','Able to view bills','5bd5a428-dae8-4d80-8a93-fcf96a29bae8'),('View Cashier Metadata','Able to view cashier module metadata','33b0125c-43f8-4ec8-abcf-c7124fec77c2'),('View Cashier Timesheets','Able to view timesheets','779896a2-d8a4-45b2-a784-ad396170f2db'),('View Clinical Room Menu','access to menu clinician room menu item','7dd31456f-fad9-4f0f-adcf-4588f00ea21d'),('View Clinical Views Divider','Access to the clinical views divider','706ab6c1-4297-45aa-b96c-261f4d1ade15'),('View Clinician Queuelist','View Clinician Queuelist','2abd919a-269f-4ff4-afb4-5bd438c3c08d'),('View Cohorts In Cohort Module','Allows to view Cohorts','0ea4968d-59fa-4493-8b1f-5a11e0aabebc'),('View completedQueue','Access to the checkin work space','97404e98-31d4-11ee-be56-0242ac120002'),('View Concept Classes','Able to view concept classes','129aa7b0-440a-11e6-a65c-00e04c680037'),('View Concept Datatypes','Able to view concept datatypes','129aa7dc-440a-11e6-a65c-00e04c680037'),('View Concept Map Types','Able to view concept map types','cb04f1fc-edde-42e3-896c-9d0aa77fab9c'),('View Concept Proposals','Able to view concept proposals to the system','129aa805-440a-11e6-a65c-00e04c680037'),('View Concept Reference Terms','Able to view concept reference terms','3c75e763-6a1b-4e2b-807e-fdb4da56ffb9'),('View Concept Sources','Able to view concept sources','129aa82c-440a-11e6-a65c-00e04c680037'),('View Concepts','Able to view concept entries','129aa850-440a-11e6-a65c-00e04c680037'),('View Data Entry Statistics','Able to view data entry statistics from the admin screen','129aa875-440a-11e6-a65c-00e04c680037'),('View Database Changes','Able to view database changes from the admin screen','1fa3f3a5-8352-49c9-a5e5-9c7775435fde'),('View Dispensing Menu','access to menu clinician room menu item','0ad580fa-4491-45fd-b97d-3089c22f7f37'),('View Encounter Roles','Able to view encounter roles','404919ba-2342-406a-aa77-1a534fcb22c9'),('View Encounter Types','Able to view encounter types','129aa89c-440a-11e6-a65c-00e04c680037'),('View Encounters','Able to view patient encounters','129aa8c1-440a-11e6-a65c-00e04c680037'),('View FHIR Client','Gives access to FHIR rest client','d4879670-c682-4232-bd79-6ec892681ce2'),('View Field Types','Able to view field types','129aa8e5-440a-11e6-a65c-00e04c680037'),('View Forms','Access to the checkin work space','974055e6-31d4-11ee-be56-0242ac120002'),('View Global Properties','Able to view global properties on the administration screen','129aa92f-440a-11e6-a65c-00e04c680037'),('View HL7 Inbound Archive','Able to view an HL7 archive item','9b73181b-921a-4e41-adeb-baa8c9cf91dd'),('View HL7 Inbound Exception','Able to view an HL7 archive item','bcaa6134-30d5-4faf-8aba-2faf522baf0e'),('View HL7 Inbound Queue','Able to view an HL7 Queue item','c8f22ace-31c3-422f-98fe-4dba4eb928d1'),('View HL7 Source','Able to view an HL7 Source','e17e9f4a-72ce-4a9f-8d13-4e2ce6b3b3af'),('View Identifier Types','Able to view patient identifier types','129aa954-440a-11e6-a65c-00e04c680037'),('View Location Attribute Types','Able to view location attribute types','a3df5c70-c951-4c23-a7c8-00167bb6bd1c'),('View Locations','Able to view locations','129aa979-440a-11e6-a65c-00e04c680037'),('View Menu App','View Menu App','efe8369e-058a-4daf-b95f-3b653213fb09'),('View Metadata Via Mapping','Able to view metadata via a mapping','dbc93470-9499-4a33-bf9f-93a61e5948df'),('View Navigation Menu','Ability to see the navigation menu','129aa99d-440a-11e6-a65c-00e04c680037'),('View Observations','Able to view patient observations','129aa9c2-440a-11e6-a65c-00e04c680037'),('View Order Types','Able to view order types','129aa9e7-440a-11e6-a65c-00e04c680037'),('View Orders','Able to view orders','129aaa0a-440a-11e6-a65c-00e04c680037'),('View OrderTemplates','View OrderTemplates','6896b895-0352-4efc-b262-645e5732fdc2'),('View Patient Appointment History','Ability to view the appointment history tab on the patient\'s dashboard','6591b636-289a-4470-b333-d059476b83cb'),('View Patient Cohorts','Able to view patient cohorts','129aaa2e-440a-11e6-a65c-00e04c680037'),('View Patient Identifiers','Able to view patient identifiers','129aaa54-440a-11e6-a65c-00e04c680037'),('View Patient Programs','Able to see which programs that patients are in','129aaa7b-440a-11e6-a65c-00e04c680037'),('View Patient Summary','View Patient Summary','37c35c50-c4b8-4b32-a3ef-43d0f8b8e46c'),('View PatientListTable','Access to the checkin work space','97404d30-31d4-11ee-be56-0242ac120002'),('View Patients','Able to view patients','129aaaa0-440a-11e6-a65c-00e04c680037'),('View patientSummary','Access to the checkin work space','9740524e-31d4-11ee-be56-0242ac120002'),('View People','Able to view person objects','129aaac5-440a-11e6-a65c-00e04c680037'),('View Person Attribute Types','Able to view person attribute types','129aaaeb-440a-11e6-a65c-00e04c680037'),('View Privileges','Able to view user privileges','129aab11-440a-11e6-a65c-00e04c680037'),('View Problems','Able to view problems in OpenMRS','129aab35-440a-11e6-a65c-00e04c680037'),('View Programs','Able to view patient programs','129aab59-440a-11e6-a65c-00e04c680037'),('View Provider Schedules','Ability to View Provider Schedules','f3cdf386-2a16-440f-9e7b-4b688286c2ed'),('View Providers','Able to view Provider','8202e173-7d10-4da9-b279-424f056ee7ec'),('View Reception Menu','access to menu reception menu item','b2307411-3d14-4e63-b665-dcbbe4fb7d9c'),('View Reception Metrics','View Reception Metrics','aab20728-03a9-4b3a-8ace-123b9afe571f'),('View Reception Queuelist','View Reception Queuelist','7317a45e-d695-492a-89b8-2a677a0c0e96'),('View Relationship Types','Able to view relationship types','129aab7d-440a-11e6-a65c-00e04c680037'),('View Relationships','Able to view relationships','129aaba4-440a-11e6-a65c-00e04c680037'),('View Report Objects','Able to view report objects','129aabc8-440a-11e6-a65c-00e04c680037'),('View Reports','Able to view reports','129aabee-440a-11e6-a65c-00e04c680037'),('View RESTWS','Gives access to RESTWS in administration','41344822-2327-482c-9874-e8d9f11e2381'),('View Roles','Able to view user roles','129aac14-440a-11e6-a65c-00e04c680037'),('View Rule Definitions','Allows viewing of user-defined rules. (This privilege is not necessary to run rules under normal usage.)','ee1809f0-b147-4947-8793-2c324ce9b1e0'),('View Serving','Access to the checkin work space','974045d8-31d4-11ee-be56-0242ac120002'),('View Test Results',NULL,'522792b7-2e3d-4564-90af-98713f044508'),('View Token Registrations','Allows to view token registrations','edf1b5e3-3269-45bd-9ab1-bb59cd1f87d1'),('View Triage Menu','access to menu triage menu item','5bae9fd5-d8a5-4f1a-b00c-48ab84d12fc6'),('View Triage Metrics','NULL','db03213b-35b6-4697-8727-d4d10d17c356'),('View Triage Queuelist','View Triage Queuelist','f6109181-d625-4ff3-8ffd-02b5bd923a31'),('View Unpublished Forms','Able to view and fill out unpublished forms','129aac3a-440a-11e6-a65c-00e04c680037'),('View Upcoming Appointment','View Upcoming Appointment','52a0ae93-c937-4d9a-9a65-ee6f54c9543a'),('View Users','Able to view users in OpenMRS','129aac63-440a-11e6-a65c-00e04c680037'),('View verticalMenu','Access to the checkin work space','97405938-31d4-11ee-be56-0242ac120002'),('View Visit Attribute Types','Able to view visit attribute types','6ed39527-c5e0-4267-afb2-263dcd2c300b'),('View Visit Types','Able to view visit types','f82294e8-57d5-4f05-9b3e-05671ad5da20'),('View Visits','Able to view visits','0b67ced8-a59c-4476-af36-25498b096c8f'),('View vitalsAndBiometrics','Access to the checkin work space','97405104-31d4-11ee-be56-0242ac120002'),('View workLoad','Access to the checkin work space','97404fd8-31d4-11ee-be56-0242ac120002'),('View XForms Menu','View XForms Menu in admin panel','caa6efae-e6fc-47a0-b965-691b3a936ffe');
/*!40000 ALTER TABLE `privilege` ENABLE KEYS */;
UNLOCK TABLES;
/*!40103 SET TIME_ZONE=@OLD_TIME_ZONE */;

/*!40101 SET SQL_MODE=@OLD_SQL_MODE */;
/*!40014 SET FOREIGN_KEY_CHECKS=@OLD_FOREIGN_KEY_CHECKS */;
/*!40014 SET UNIQUE_CHECKS=@OLD_UNIQUE_CHECKS */;
/*!40101 SET CHARACTER_SET_CLIENT=@OLD_CHARACTER_SET_CLIENT */;
/*!40101 SET CHARACTER_SET_RESULTS=@OLD_CHARACTER_SET_RESULTS */;
/*!40101 SET COLLATION_CONNECTION=@OLD_COLLATION_CONNECTION */;
/*!40111 SET SQL_NOTES=@OLD_SQL_NOTES */;

-- Dump completed on 2025-11-05  9:06:37
